sbj,stm,rt,key,pos,uhnd,hndns,eye,sex,age,edu
8101003551,30.bmp,1.5327399,p,3,r,r,r,m,25,3
8101003551,60.bmp,0.7401107,p,11,r,r,r,m,25,3
8101003551,70.bmp,0.7735225,p,4,r,r,r,m,25,3
8101003551,10.bmp,0.7323334,p,10,r,r,r,m,25,3
8101003551,40.bmp,0.6903778,p,7,r,r,r,m,25,3
8101003551,20.bmp,0.8825889,p,8,r,r,r,m,25,3
8101003551,60.bmp,0.7116335,p,1,r,r,r,m,25,3
8101003551,80.bmp,1.1469843,p,10,r,r,r,m,25,3
8101003551,0.bmp,0.7125337,p,11,r,r,r,m,25,3
8101003551,10.bmp,0.6916644,p,9,r,r,r,m,25,3
8101003551,50.bmp,1.0446918,p,6,r,r,r,m,25,3
8101003551,0.bmp,1.780939,p,13,r,r,r,m,25,3
8101003551,70.bmp,0.9802775,p,8,r,r,r,m,25,3
8101003551,40.bmp,0.9567185,p,3,r,r,r,m,25,3
8101003551,10.bmp,0.7579303,p,6,r,r,r,m,25,3
8101003551,70.bmp,0.8933477,p,10,r,r,r,m,25,3
8101003551,80.bmp,0.7060234,p,5,r,r,r,m,25,3
8101003551,40.bmp,0.7566383,p,13,r,r,r,m,25,3
8101003551,60.bmp,0.6543427,p,3,r,r,r,m,25,3
8101003551,60.bmp,0.6993992,p,6,r,r,r,m,25,3
8101003551,40.bmp,0.9459326,p,11,r,r,r,m,25,3
8101003551,30.bmp,1.543178,p,4,r,r,r,m,25,3
8101003551,0.bmp,1.9893883,p,12,r,r,r,m,25,3
8101003551,40.bmp,1.2936296,p,1,r,r,r,m,25,3
8101003551,20.bmp,1.2121852,p,5,r,r,r,m,25,3
8101003551,70.bmp,0.9460713,p,5,r,r,r,m,25,3
8101003551,40.bmp,0.7760996,p,4,r,r,r,m,25,3
8101003551,70.bmp,0.6805301,p,2,r,r,r,m,25,3
8101003551,60.bmp,0.9508487,p,2,r,r,r,m,25,3
8101003551,50.bmp,0.7261946,p,5,r,r,r,m,25,3
8101003551,60.bmp,0.6699355,p,13,r,r,r,m,25,3
8101003551,40.bmp,1.0525549,p,8,r,r,r,m,25,3
8101003551,20.bmp,0.747404,p,11,r,r,r,m,25,3
8101003551,20.bmp,0.7422229,p,12,r,r,r,m,25,3
8101003551,50.bmp,3.2331767,p,8,r,r,r,m,25,3
8101003551,70.bmp,0.9342755,p,12,r,r,r,m,25,3
8101003551,20.bmp,0.7620072,p,3,r,r,r,m,25,3
8101003551,80.bmp,0.9009728,p,9,r,r,r,m,25,3
8101003551,10.bmp,1.9443886,p,11,r,r,r,m,25,3
8101003551,20.bmp,0.9081597,p,9,r,r,r,m,25,3
8101003551,20.bmp,0.7123002,p,6,r,r,r,m,25,3
8101003551,20.bmp,1.2662597,p,7,r,r,r,m,25,3
8101003551,10.bmp,0.9559144,p,12,r,r,r,m,25,3
8101003551,70.bmp,1.7565555,p,3,r,r,r,m,25,3
8101003551,80.bmp,1.1669246,p,4,r,r,r,m,25,3
8101003551,70.bmp,0.9587933,p,9,r,r,r,m,25,3
8101003551,50.bmp,0.6670173,p,1,r,r,r,m,25,3
8101003551,50.bmp,1.3292237,p,12,r,r,r,m,25,3
8101003551,40.bmp,1.087523,p,9,r,r,r,m,25,3
8101003551,40.bmp,0.9369463,p,10,r,r,r,m,25,3
8101003551,10.bmp,0.5772244,o,4,r,r,r,m,25,3
8101003551,80.bmp,0.7986573,p,13,r,r,r,m,25,3
8101003551,80.bmp,2.2981142,p,6,r,r,r,m,25,3
8101003551,80.bmp,0.630892,p,12,r,r,r,m,25,3
8101003551,40.bmp,1.3589387,p,6,r,r,r,m,25,3
8101003551,80.bmp,1.2964866,p,2,r,r,r,m,25,3
8101003551,60.bmp,0.7089095,p,8,r,r,r,m,25,3
8101003551,80.bmp,1.9284209,p,8,r,r,r,m,25,3
8101003551,80.bmp,1.1289783,p,1,r,r,r,m,25,3
8101003551,10.bmp,0.7421038,p,1,r,r,r,m,25,3
8101003551,40.bmp,2.1419645,p,2,r,r,r,m,25,3
8101003551,40.bmp,1.3379183,p,5,r,r,r,m,25,3
8101003551,0.bmp,1.6845211,p,6,r,r,r,m,25,3
8101003551,60.bmp,3.598819,p,12,r,r,r,m,25,3
8101003551,50.bmp,0.810378,p,9,r,r,r,m,25,3
8101003551,70.bmp,3.6469867,p,7,r,r,r,m,25,3
8101003551,60.bmp,0.7534276,p,4,r,r,r,m,25,3
8101003551,80.bmp,0.6161286,p,3,r,r,r,m,25,3
8101003551,10.bmp,0.8025527,p,5,r,r,r,m,25,3
8101003551,30.bmp,0.5485473,p,8,r,r,r,m,25,3
8101003551,20.bmp,0.8518195,p,2,r,r,r,m,25,3
8101003551,80.bmp,2.8080514,p,11,r,r,r,m,25,3
8101003551,30.bmp,1.0869865,p,9,r,r,r,m,25,3
8101003551,0.bmp,1.4629691,p,4,r,r,r,m,25,3
8101003551,30.bmp,0.7890548,p,1,r,r,r,m,25,3
8101003551,30.bmp,0.5778632,p,12,r,r,r,m,25,3
8101003551,0.bmp,0.4256195,p,10,r,r,r,m,25,3
8101003551,20.bmp,0.4770015,p,4,r,r,r,m,25,3
8101003551,0.bmp,0.5729968,p,2,r,r,r,m,25,3
8101003551,10.bmp,0.7334187,p,8,r,r,r,m,25,3
8101003551,30.bmp,0.6476181,p,7,r,r,r,m,25,3
8101003551,50.bmp,0.7336976,p,2,r,r,r,m,25,3
8101003551,70.bmp,0.6131928,p,11,r,r,r,m,25,3
8101003551,0.bmp,0.5781998,p,7,r,r,r,m,25,3
8101003551,10.bmp,3.6363083,p,7,r,r,r,m,25,3
8101003551,10.bmp,1.2559071,p,13,r,r,r,m,25,3
8101003551,20.bmp,0.5139576,p,13,r,r,r,m,25,3
8101003551,70.bmp,0.6473272,p,13,r,r,r,m,25,3
8101003551,60.bmp,0.654053,p,10,r,r,r,m,25,3
8101003551,30.bmp,0.6041851,p,11,r,r,r,m,25,3
8101003551,50.bmp,0.9230725,p,10,r,r,r,m,25,3
8101003551,10.bmp,0.6226776,p,3,r,r,r,m,25,3
8101003551,30.bmp,0.8500215,p,10,r,r,r,m,25,3
8101003551,20.bmp,0.7185209,p,10,r,r,r,m,25,3
8101003551,30.bmp,1.0848462,p,2,r,r,r,m,25,3
8101003551,50.bmp,0.4586304,p,13,r,r,r,m,25,3
8101003551,30.bmp,0.6137274,p,3,r,r,r,m,25,3
8101003551,60.bmp,0.6082713,p,9,r,r,r,m,25,3
8101003551,50.bmp,0.616634,p,7,r,r,r,m,25,3
8101003551,60.bmp,0.6496471,p,5,r,r,r,m,25,3
8101003551,20.bmp,0.8316629,p,1,r,r,r,m,25,3
8101003551,0.bmp,0.6291099,p,1,r,r,r,m,25,3
8101003551,70.bmp,0.6065322,p,6,r,r,r,m,25,3
8101003551,80.bmp,0.5370166,p,7,r,r,r,m,25,3
8101003551,0.bmp,0.4693875,p,9,r,r,r,m,25,3
8101003551,0.bmp,0.5999037,p,8,r,r,r,m,25,3
8101003551,50.bmp,0.4601785,p,3,r,r,r,m,25,3
8101003551,40.bmp,0.8183363,p,12,r,r,r,m,25,3
8101003551,30.bmp,0.8052917,p,6,r,r,r,m,25,3
8101003551,50.bmp,1.7952353,p,11,r,r,r,m,25,3
8101003551,70.bmp,1.053706,p,1,r,r,r,m,25,3
8101003551,60.bmp,1.2748146,p,7,r,r,r,m,25,3
8101003551,50.bmp,0.7438391,p,4,r,r,r,m,25,3
8101003551,30.bmp,0.5948447,p,13,r,r,r,m,25,3
8101003551,0.bmp,0.4302937,p,3,r,r,r,m,25,3
8101003551,0.bmp,0.664471,p,5,r,r,r,m,25,3
8101003551,10.bmp,0.4708569,p,2,r,r,r,m,25,3
8101003551,70.bmp,0.6686837,p,9,r,r,r,m,25,3
8101003551,80.bmp,0.5734392,p,12,r,r,r,m,25,3
8101003551,60.bmp,1.1256656,p,1,r,r,r,m,25,3
8101003551,40.bmp,0.7899777,p,5,r,r,r,m,25,3
8101003551,40.bmp,0.5365164,p,11,r,r,r,m,25,3
8101003551,30.bmp,0.5199146,p,1,r,r,r,m,25,3
8101003551,0.bmp,0.5798932,p,12,r,r,r,m,25,3
8101003551,30.bmp,0.5199301,p,11,r,r,r,m,25,3
8101003551,50.bmp,0.5474984,p,3,r,r,r,m,25,3
8101003551,50.bmp,0.5152491,p,2,r,r,r,m,25,3
8101003551,60.bmp,0.4793154,p,11,r,r,r,m,25,3
8101003551,60.bmp,0.6135529,p,5,r,r,r,m,25,3
8101003551,80.bmp,0.7659042,p,2,r,r,r,m,25,3
8101003551,60.bmp,0.4341934,p,6,r,r,r,m,25,3
8101003551,50.bmp,0.4684737,p,12,r,r,r,m,25,3
8101003551,20.bmp,0.8870912,p,3,r,r,r,m,25,3
8101003551,10.bmp,0.4678101,p,4,r,r,r,m,25,3
8101003551,10.bmp,0.8028672,p,7,r,r,r,m,25,3
8101003551,20.bmp,0.374804,p,1,r,r,r,m,25,3
8101003551,60.bmp,0.5289918,p,9,r,r,r,m,25,3
8101003551,30.bmp,0.924267,p,9,r,r,r,m,25,3
8101003551,30.bmp,0.524367,p,4,r,r,r,m,25,3
8101003551,60.bmp,0.6299908,p,10,r,r,r,m,25,3
8101003551,80.bmp,0.6400543,p,9,r,r,r,m,25,3
8101003551,60.bmp,0.527174,p,4,r,r,r,m,25,3
8101003551,70.bmp,0.4993733,p,3,r,r,r,m,25,3
8101003551,80.bmp,0.4447281,p,7,r,r,r,m,25,3
8101003551,30.bmp,0.5558656,p,8,r,r,r,m,25,3
8101003551,50.bmp,0.4381294,p,5,r,r,r,m,25,3
8101003551,10.bmp,0.4303105,p,10,r,r,r,m,25,3
8101003551,0.bmp,0.6093503,p,13,r,r,r,m,25,3
8101003551,40.bmp,0.4908436,p,12,r,r,r,m,25,3
8101003551,10.bmp,0.5933714,p,1,r,r,r,m,25,3
8101003551,10.bmp,0.433044,p,5,r,r,r,m,25,3
8101003551,20.bmp,0.4652997,p,7,r,r,r,m,25,3
8101003551,80.bmp,0.4945339,p,13,r,r,r,m,25,3
8101003551,0.bmp,1.2483664,p,7,r,r,r,m,25,3
8101003551,30.bmp,1.6596672,p,10,r,r,r,m,25,3
8101003551,10.bmp,0.3798567,p,11,r,r,r,m,25,3
8101003551,50.bmp,0.6682863,p,10,r,r,r,m,25,3
8101003551,70.bmp,1.6048335,p,10,r,r,r,m,25,3
8101003551,60.bmp,0.4648514,p,8,r,r,r,m,25,3
8101003551,30.bmp,0.6132597,p,2,r,r,r,m,25,3
8101003551,30.bmp,0.732356,p,12,r,r,r,m,25,3
8101003551,50.bmp,0.6122357,p,4,r,r,r,m,25,3
8101003551,30.bmp,0.4427575,p,6,r,r,r,m,25,3
8101003551,30.bmp,0.3665443,p,5,r,r,r,m,25,3
8101003551,20.bmp,0.4067265,p,12,r,r,r,m,25,3
8101003551,70.bmp,0.8492268,p,4,r,r,r,m,25,3
8101003551,40.bmp,1.4595478,p,4,r,r,r,m,25,3
8101003551,20.bmp,0.8750627,p,11,r,r,r,m,25,3
8101003551,40.bmp,0.8453881,p,7,r,r,r,m,25,3
8101003551,20.bmp,0.4403779,p,2,r,r,r,m,25,3
8101003551,20.bmp,0.8637091,p,13,r,r,r,m,25,3
8101003551,80.bmp,1.3979423,o,10,r,r,r,m,25,3
8101003551,80.bmp,1.3611463,o,8,r,r,r,m,25,3
8101003551,80.bmp,0.5305382,p,5,r,r,r,m,25,3
8101003551,0.bmp,0.795227,p,9,r,r,r,m,25,3
8101003551,70.bmp,0.8062311,p,8,r,r,r,m,25,3
8101003551,70.bmp,0.5727987,p,2,r,r,r,m,25,3
8101003551,40.bmp,0.6348808,p,13,r,r,r,m,25,3
8101003551,50.bmp,0.6155299,p,1,r,r,r,m,25,3
8101003551,0.bmp,0.3486394,p,6,r,r,r,m,25,3
8101003551,30.bmp,0.6049354,p,13,r,r,r,m,25,3
8101003551,0.bmp,0.478562,p,2,r,r,r,m,25,3
8101003551,70.bmp,0.4411441,p,5,r,r,r,m,25,3
8101003551,30.bmp,0.870255,p,3,r,r,r,m,25,3
8101003551,20.bmp,0.9367516,p,10,r,r,r,m,25,3
8101003551,80.bmp,3.7193711,o,4,r,r,r,m,25,3
8101003551,10.bmp,0.8986579,p,12,r,r,r,m,25,3
8101003551,20.bmp,0.7080364,p,4,r,r,r,m,25,3
8101003551,10.bmp,0.8030163,p,8,r,r,r,m,25,3
8101003551,60.bmp,0.9514258,p,3,r,r,r,m,25,3
8101003551,0.bmp,0.9608466,p,5,r,r,r,m,25,3
8101003551,20.bmp,0.702607,p,9,r,r,r,m,25,3
8101003551,0.bmp,0.6799331,p,3,r,r,r,m,25,3
8101003551,20.bmp,0.6079962,p,6,r,r,r,m,25,3
8101003551,10.bmp,0.7563396,p,3,r,r,r,m,25,3
8101003551,20.bmp,1.7946401,p,5,r,r,r,m,25,3
8101003551,60.bmp,3.8420612,p,7,r,r,r,m,25,3
8101003551,40.bmp,2.5812602,p,10,r,r,r,m,25,3
8101003551,80.bmp,3.1913592,p,3,r,r,r,m,25,3
8101003551,40.bmp,0.7916185,p,2,r,r,r,m,25,3
8101003551,10.bmp,0.4894833,p,2,r,r,r,m,25,3
8101003551,60.bmp,0.7067572,p,12,r,r,r,m,25,3
8101003551,50.bmp,0.6496564,p,6,r,r,r,m,25,3
8101003551,50.bmp,0.8591055,p,13,r,r,r,m,25,3
8101003551,30.bmp,0.4935463,p,7,r,r,r,m,25,3
8101003551,50.bmp,1.4274599,p,7,r,r,r,m,25,3
8101003551,80.bmp,0.7950453,p,11,r,r,r,m,25,3
8101003551,0.bmp,0.9592391,p,8,r,r,r,m,25,3
8101003551,10.bmp,0.9222595,p,6,r,r,r,m,25,3
8101003551,10.bmp,1.424518,p,13,r,r,r,m,25,3
8101003551,70.bmp,4.1313952,p,7,r,r,r,m,25,3
8101003551,10.bmp,0.8836555,p,9,r,r,r,m,25,3
8101003551,40.bmp,0.4846835,p,3,r,r,r,m,25,3
8101003551,50.bmp,0.8414843,p,8,r,r,r,m,25,3
8101003551,0.bmp,1.948179,p,11,r,r,r,m,25,3
8101003551,20.bmp,1.5677197,p,8,r,r,r,m,25,3
8101003551,0.bmp,1.0054884,p,10,r,r,r,m,25,3
8101003551,70.bmp,2.5788492,p,6,r,r,r,m,25,3
8101003551,40.bmp,4.3427269,p,6,r,r,r,m,25,3
8101003551,60.bmp,4.260766,p,2,r,r,r,m,25,3
8101003551,70.bmp,0.8606966,p,11,r,r,r,m,25,3
8101003551,50.bmp,0.8615564,p,9,r,r,r,m,25,3
8101003551,0.bmp,0.6807533,p,1,r,r,r,m,25,3
8101003551,70.bmp,0.9061934,p,13,r,r,r,m,25,3
8101003551,70.bmp,0.6326411,p,1,r,r,r,m,25,3
8101003551,0.bmp,3.2944756,p,4,r,r,r,m,25,3
8101003551,40.bmp,1.0413483,p,9,r,r,r,m,25,3
8101003551,70.bmp,0.7555252,p,12,r,r,r,m,25,3
8101003551,80.bmp,0.6368706,p,6,r,r,r,m,25,3
8101003551,80.bmp,0.5761892,p,1,r,r,r,m,25,3
8101003551,60.bmp,0.6773208,p,13,r,r,r,m,25,3
8101003551,50.bmp,0.9916747,p,11,r,r,r,m,25,3
8101003551,40.bmp,1.4822147,p,8,r,r,r,m,25,3
8101003551,40.bmp,1.7874647,p,1,r,r,r,m,25,3
8101003551,10.bmp,3.8693332,w,11,l,r,r,m,25,3
8101003551,60.bmp,0.6522098,w,13,l,r,r,m,25,3
8101003551,50.bmp,1.0264815,q,11,l,r,r,m,25,3
8101003551,20.bmp,0.6901408,q,5,l,r,r,m,25,3
8101003551,20.bmp,0.7161922,w,3,l,r,r,m,25,3
8101003551,40.bmp,1.8026439,q,8,l,r,r,m,25,3
8101003551,30.bmp,1.6648654,w,5,l,r,r,m,25,3
8101003551,10.bmp,1.8535874,q,12,l,r,r,m,25,3
8101003551,20.bmp,2.7227554,w,12,l,r,r,m,25,3
8101003551,40.bmp,1.6550026,w,3,l,r,r,m,25,3
8101003551,50.bmp,1.058035,w,6,l,r,r,m,25,3
8101003551,50.bmp,0.7779758,w,2,l,r,r,m,25,3
8101003551,40.bmp,1.0825241,w,5,l,r,r,m,25,3
8101003551,80.bmp,0.7737115,w,6,l,r,r,m,25,3
8101003551,80.bmp,2.0327075,w,12,l,r,r,m,25,3
8101003551,80.bmp,2.7167404,w,1,l,r,r,m,25,3
8101003551,20.bmp,1.4843704,w,6,l,r,r,m,25,3
8101003551,70.bmp,0.8781172,w,1,l,r,r,m,25,3
8101003551,50.bmp,0.7055778,w,3,l,r,r,m,25,3
8101003551,30.bmp,0.7590451,w,6,l,r,r,m,25,3
8101003551,30.bmp,0.9111539,w,1,l,r,r,m,25,3
8101003551,0.bmp,0.9374956,w,13,l,r,r,m,25,3
8101003551,40.bmp,0.8248256,w,11,l,r,r,m,25,3
8101003551,10.bmp,0.5307398,w,7,l,r,r,m,25,3
8101003551,0.bmp,0.6685953,w,6,l,r,r,m,25,3
8101003551,20.bmp,0.7121321,w,2,l,r,r,m,25,3
8101003551,70.bmp,1.1833718,w,13,l,r,r,m,25,3
8101003551,0.bmp,1.1567274,w,10,l,r,r,m,25,3
8101003551,70.bmp,0.7985143,q,11,l,r,r,m,25,3
8101003551,40.bmp,0.9453526,q,9,l,r,r,m,25,3
8101003551,10.bmp,0.6573626,w,8,l,r,r,m,25,3
8101003551,30.bmp,0.813368,w,2,l,r,r,m,25,3
8101003551,30.bmp,1.0324787,q,10,l,r,r,m,25,3
8101003551,60.bmp,0.8040745,q,10,l,r,r,m,25,3
8101003551,80.bmp,1.1348867,w,13,l,r,r,m,25,3
8101003551,70.bmp,3.7447661,w,10,l,r,r,m,25,3
8101003551,10.bmp,0.7836793,w,1,l,r,r,m,25,3
8101003551,0.bmp,0.7500437,w,7,l,r,r,m,25,3
8101003551,10.bmp,1.0824531,w,5,l,r,r,m,25,3
8101003551,80.bmp,1.7131167,w,8,l,r,r,m,25,3
8101003551,60.bmp,2.078051,q,1,l,r,r,m,25,3
8101003551,70.bmp,0.7212815,q,9,l,r,r,m,25,3
8101003551,30.bmp,0.5908596,w,7,l,r,r,m,25,3
8101003551,60.bmp,0.6356247,w,7,l,r,r,m,25,3
8101003551,80.bmp,0.7162936,w,3,l,r,r,m,25,3
8101003551,40.bmp,0.5828495,w,2,l,r,r,m,25,3
8101003551,20.bmp,0.6570835,w,8,l,r,r,m,25,3
8101003551,70.bmp,0.796378,w,3,l,r,r,m,25,3
8101003551,40.bmp,0.3664945,w,12,l,r,r,m,25,3
8101003551,70.bmp,0.8815174,w,7,l,r,r,m,25,3
8101003551,50.bmp,0.4935793,w,8,l,r,r,m,25,3
8101003551,0.bmp,1.3218087,w,2,l,r,r,m,25,3
8101003551,0.bmp,0.6856331,w,4,l,r,r,m,25,3
8101003551,60.bmp,1.5399214,w,5,l,r,r,m,25,3
8101003551,20.bmp,0.6062708,w,4,l,r,r,m,25,3
8101003551,60.bmp,0.7431568,w,3,l,r,r,m,25,3
8101003551,20.bmp,0.7995322,w,13,l,r,r,m,25,3
8101003551,10.bmp,0.6977988,w,10,l,r,r,m,25,3
8101003551,70.bmp,1.7131332,w,5,l,r,r,m,25,3
8101003551,30.bmp,0.7991368,w,8,l,r,r,m,25,3
8101003551,0.bmp,0.7397041,w,3,l,r,r,m,25,3
8101003551,0.bmp,0.725601,w,5,l,r,r,m,25,3
8101003551,20.bmp,1.0710125,q,11,l,r,r,m,25,3
8101003551,40.bmp,0.6752055,q,6,l,r,r,m,25,3
8101003551,10.bmp,0.5934139,w,13,l,r,r,m,25,3
8101003551,70.bmp,0.4733948,q,12,l,r,r,m,25,3
8101003551,20.bmp,0.5502925,w,7,l,r,r,m,25,3
8101003551,50.bmp,0.665037,w,5,l,r,r,m,25,3
8101003551,20.bmp,0.9515998,w,1,l,r,r,m,25,3
8101003551,60.bmp,0.7319656,w,11,l,r,r,m,25,3
8101003551,80.bmp,0.6797635,w,7,l,r,r,m,25,3
8101003551,10.bmp,0.8047583,w,9,l,r,r,m,25,3
8101003551,60.bmp,0.9261501,w,12,l,r,r,m,25,3
8101003551,0.bmp,0.7205376,w,12,l,r,r,m,25,3
8101003551,70.bmp,1.839125,w,4,l,r,r,m,25,3
8101003551,70.bmp,0.8740705,q,6,l,r,r,m,25,3
8101003551,60.bmp,0.5667164,w,8,l,r,r,m,25,3
8101003551,30.bmp,0.8078172,w,9,l,r,r,m,25,3
8101003551,10.bmp,0.6917859,w,6,l,r,r,m,25,3
8101003551,20.bmp,0.5558057,w,9,l,r,r,m,25,3
8101003551,40.bmp,0.5686899,w,7,l,r,r,m,25,3
8101003551,0.bmp,0.7353559,w,1,l,r,r,m,25,3
8101003551,30.bmp,0.630279,w,13,l,r,r,m,25,3
8101003551,50.bmp,0.8746424,w,10,l,r,r,m,25,3
8101003551,50.bmp,0.5370992,w,13,l,r,r,m,25,3
8101003551,60.bmp,0.8389313,w,4,l,r,r,m,25,3
8101003551,20.bmp,0.8428231,w,10,l,r,r,m,25,3
8101003551,60.bmp,1.46556,w,6,l,r,r,m,25,3
8101003551,50.bmp,5.3207494,w,9,l,r,r,m,25,3
8101003551,70.bmp,1.0717069,w,2,l,r,r,m,25,3
8101003551,70.bmp,0.6422007,w,8,l,r,r,m,25,3
8101003551,60.bmp,0.4933357,w,2,l,r,r,m,25,3
8101003551,40.bmp,0.4991611,w,4,l,r,r,m,25,3
8101003551,50.bmp,0.5635102,w,7,l,r,r,m,25,3
8101003551,0.bmp,0.5101326,w,11,l,r,r,m,25,3
8101003551,80.bmp,4.279269,w,5,l,r,r,m,25,3
8101003551,80.bmp,1.0329371,w,10,l,r,r,m,25,3
8101003551,50.bmp,0.6390155,w,12,l,r,r,m,25,3
8101003551,30.bmp,3.1463684,w,3,l,r,r,m,25,3
8101003551,10.bmp,0.768437,w,2,l,r,r,m,25,3
8101003551,80.bmp,0.6381216,w,2,l,r,r,m,25,3
8101003551,0.bmp,0.8163626,w,8,l,r,r,m,25,3
8101003551,40.bmp,0.6646681,w,1,l,r,r,m,25,3
8101003551,50.bmp,2.5576668,w,1,l,r,r,m,25,3
8101003551,40.bmp,2.7239243,w,10,l,r,r,m,25,3
8101003551,0.bmp,0.7588865,w,9,l,r,r,m,25,3
8101003551,80.bmp,0.7469589,w,11,l,r,r,m,25,3
8101003551,30.bmp,5.0119822,w,11,l,r,r,m,25,3
8101003551,40.bmp,0.6217604,w,13,l,r,r,m,25,3
8101003551,80.bmp,0.7921709,w,9,l,r,r,m,25,3
8101003551,30.bmp,0.7696538,w,4,l,r,r,m,25,3
8101003551,10.bmp,0.8445024,w,4,l,r,r,m,25,3
8101003551,50.bmp,0.8417508,w,4,l,r,r,m,25,3
8101003551,10.bmp,0.5102234,w,3,l,r,r,m,25,3
8101003551,30.bmp,0.4311569,w,12,l,r,r,m,25,3
8101003551,60.bmp,0.4314327,w,9,l,r,r,m,25,3
8101003551,80.bmp,1.6244647,w,4,l,r,r,m,25,3
8101003551,70.bmp,0.8261106,w,10,l,r,r,m,25,3
8101003551,60.bmp,0.5568227,w,12,l,r,r,m,25,3
8101003551,80.bmp,0.7344204,w,12,l,r,r,m,25,3
8101003551,20.bmp,0.521819,w,8,l,r,r,m,25,3
8101003551,80.bmp,0.5507594,w,10,l,r,r,m,25,3
8101003551,0.bmp,0.5662325,w,6,l,r,r,m,25,3
8101003551,20.bmp,0.2932646,w,5,l,r,r,m,25,3
8101003551,20.bmp,0.2588326,w,12,l,r,r,m,25,3
8101003551,80.bmp,0.3228365,w,6,l,r,r,m,25,3
8101003551,80.bmp,0.2833017,w,9,l,r,r,m,25,3
8101003551,40.bmp,0.688026,w,8,l,r,r,m,25,3
8101003551,10.bmp,0.4345346,w,7,l,r,r,m,25,3
8101003551,80.bmp,1.4141799,w,7,l,r,r,m,25,3
8101003551,0.bmp,1.7185032,w,2,l,r,r,m,25,3
8101003551,10.bmp,1.0963187,w,2,l,r,r,m,25,3
8101003551,40.bmp,1.1323582,w,5,l,r,r,m,25,3
8101003551,60.bmp,0.6162625,w,2,l,r,r,m,25,3
8101003551,60.bmp,0.5914116,w,3,l,r,r,m,25,3
8101003551,40.bmp,0.6869576,w,10,l,r,r,m,25,3
8101003551,60.bmp,0.5691069,w,1,l,r,r,m,25,3
8101003551,50.bmp,0.6328063,w,10,l,r,r,m,25,3
8101003551,20.bmp,0.5404236,w,9,l,r,r,m,25,3
8101003551,10.bmp,0.6536792,w,1,l,r,r,m,25,3
8101003551,30.bmp,0.7055826,w,10,l,r,r,m,25,3
8101003551,80.bmp,0.6064489,w,8,l,r,r,m,25,3
8101003551,70.bmp,0.529963,w,1,l,r,r,m,25,3
8101003551,20.bmp,0.704802,w,6,l,r,r,m,25,3
8101003551,70.bmp,0.6833441,w,13,l,r,r,m,25,3
8101003551,10.bmp,0.5614969,w,5,l,r,r,m,25,3
8101003551,80.bmp,4.2878879,w,4,l,r,r,m,25,3
8101003551,0.bmp,1.900789,w,8,l,r,r,m,25,3
8101003551,0.bmp,0.7209404,w,1,l,r,r,m,25,3
8101003551,40.bmp,0.8208593,w,2,l,r,r,m,25,3
8101003551,50.bmp,1.5820214,w,1,l,r,r,m,25,3
8101003551,0.bmp,0.9018453,w,13,l,r,r,m,25,3
8101003551,30.bmp,1.0121013,w,5,l,r,r,m,25,3
8101003551,60.bmp,0.6638336,w,13,l,r,r,m,25,3
8101003551,40.bmp,1.6532555,w,12,l,r,r,m,25,3
8101003551,30.bmp,0.6993666,w,8,l,r,r,m,25,3
8101003551,10.bmp,3.2629224,w,9,l,r,r,m,25,3
8101003551,80.bmp,0.6435304,w,13,l,r,r,m,25,3
8101003551,50.bmp,2.3301881,w,7,l,r,r,m,25,3
8101003551,20.bmp,0.5439388,w,7,l,r,r,m,25,3
8101003551,0.bmp,0.5876453,w,9,l,r,r,m,25,3
8101003551,20.bmp,0.7271923,w,11,l,r,r,m,25,3
8101003551,10.bmp,1.8533212,w,6,l,r,r,m,25,3
8101003551,0.bmp,0.637912,w,3,l,r,r,m,25,3
8101003551,80.bmp,0.779097,w,11,l,r,r,m,25,3
8101003551,80.bmp,1.2683374,w,5,l,r,r,m,25,3
8101003551,40.bmp,0.6553307,w,11,l,r,r,m,25,3
8101003551,50.bmp,0.563511,w,13,l,r,r,m,25,3
8101003551,70.bmp,0.4695288,w,7,l,r,r,m,25,3
8101003551,10.bmp,0.4328903,w,3,l,r,r,m,25,3
8101003551,50.bmp,0.5594524,w,12,l,r,r,m,25,3
8101003551,40.bmp,0.4222824,w,4,l,r,r,m,25,3
8101003551,50.bmp,0.4035043,w,6,l,r,r,m,25,3
8101003551,40.bmp,1.0278246,w,13,l,r,r,m,25,3
8101003551,70.bmp,0.3902721,w,6,l,r,r,m,25,3
8101003551,60.bmp,0.4071756,w,9,l,r,r,m,25,3
8101003551,30.bmp,1.1104642,w,3,l,r,r,m,25,3
8101003551,80.bmp,0.4292066,w,1,l,r,r,m,25,3
8101003551,30.bmp,0.4444302,w,1,l,r,r,m,25,3
8101003551,20.bmp,0.5356102,w,4,l,r,r,m,25,3
8101003551,30.bmp,0.4042067,w,2,l,r,r,m,25,3
8101003551,30.bmp,0.3464689,w,13,l,r,r,m,25,3
8101003551,70.bmp,0.4063309,w,8,l,r,r,m,25,3
8101003551,20.bmp,0.5499435,w,3,l,r,r,m,25,3
8101003551,40.bmp,0.4461831,w,7,l,r,r,m,25,3
8101003551,10.bmp,0.3913954,w,8,l,r,r,m,25,3
8101003551,10.bmp,0.4268248,w,4,l,r,r,m,25,3
8101003551,40.bmp,0.3336377,w,3,l,r,r,m,25,3
8101003551,70.bmp,0.4024672,w,12,l,r,r,m,25,3
8101003551,0.bmp,0.4228677,w,4,l,r,r,m,25,3
8101003551,50.bmp,0.5166933,w,3,l,r,r,m,25,3
8101003551,50.bmp,0.3879629,w,2,l,r,r,m,25,3
8101003551,60.bmp,0.4045999,w,4,l,r,r,m,25,3
8101003551,60.bmp,0.3564388,w,6,l,r,r,m,25,3
8101003551,0.bmp,0.5570867,w,5,l,r,r,m,25,3
8101003551,70.bmp,0.4439631,w,4,l,r,r,m,25,3
8101003551,50.bmp,0.4725127,w,5,l,r,r,m,25,3
8101003551,60.bmp,0.4557596,w,10,l,r,r,m,25,3
8101003551,0.bmp,0.5323489,w,11,l,r,r,m,25,3
8101003551,20.bmp,0.6109804,w,2,l,r,r,m,25,3
8101003551,80.bmp,1.0011165,w,2,l,r,r,m,25,3
8101003551,0.bmp,1.1666515,w,10,l,r,r,m,25,3
8101003551,30.bmp,1.6669563,w,4,l,r,r,m,25,3
8101003551,30.bmp,0.5246797,w,7,l,r,r,m,25,3
8101003551,40.bmp,0.4468592,w,1,l,r,r,m,25,3
8101003551,60.bmp,0.4243393,w,5,l,r,r,m,25,3
8101003551,50.bmp,0.5047449,w,8,l,r,r,m,25,3
8101003551,30.bmp,0.4675864,w,12,l,r,r,m,25,3
8101003551,30.bmp,0.5562911,w,11,l,r,r,m,25,3
8101003551,50.bmp,0.5352298,w,9,l,r,r,m,25,3
8101003551,60.bmp,0.483098,w,8,l,r,r,m,25,3
8101003551,20.bmp,0.5464919,w,13,l,r,r,m,25,3
8101003551,70.bmp,0.7376279,w,5,l,r,r,m,25,3
8101003551,60.bmp,0.6224898,w,11,l,r,r,m,25,3
8101003551,20.bmp,0.7426186,w,10,l,r,r,m,25,3
8101003551,10.bmp,0.8437182,w,10,l,r,r,m,25,3
8101003551,10.bmp,0.6199797,w,12,l,r,r,m,25,3
8101003551,10.bmp,0.6831915,w,13,l,r,r,m,25,3
8101003551,50.bmp,1.0140209,w,11,l,r,r,m,25,3
8101003551,40.bmp,0.6087464,w,6,l,r,r,m,25,3
8101003551,30.bmp,0.539272,w,6,l,r,r,m,25,3
8101003551,20.bmp,0.731696,w,1,l,r,r,m,25,3
8101003551,0.bmp,0.7043244,w,12,l,r,r,m,25,3
8101003551,60.bmp,0.6880325,w,7,l,r,r,m,25,3
8101003551,30.bmp,1.1003221,w,9,l,r,r,m,25,3
8101003551,10.bmp,0.7068255,w,11,l,r,r,m,25,3
8101003551,70.bmp,1.0494538,q,2,l,r,r,m,25,3
8101003551,70.bmp,0.9132602,q,9,l,r,r,m,25,3
8101003551,70.bmp,0.6556139,q,3,l,r,r,m,25,3
8101003551,40.bmp,0.5082676,w,9,l,r,r,m,25,3
8101003551,70.bmp,0.6512941,q,11,l,r,r,m,25,3
8101003551,0.bmp,0.4097664,w,7,l,r,r,m,25,3
8101003551,80.bmp,1.1738561,q,3,l,r,r,m,25,3
8101003551,50.bmp,0.7821775,q,4,l,r,r,m,25,3
8101003551,30.bmp,0.4494189,p,2,r,r,r,m,25,3
8101003551,40.bmp,0.4707247,o,11,r,r,r,m,25,3
8101003551,50.bmp,0.7622217,o,10,r,r,r,m,25,3
8101003551,30.bmp,0.5160313,o,10,r,r,r,m,25,3
8101003551,0.bmp,0.7455686,p,9,r,r,r,m,25,3
8101003551,0.bmp,0.5167245,p,4,r,r,r,m,25,3
8101003551,30.bmp,0.6447867,p,8,r,r,r,m,25,3
8101003551,0.bmp,0.4872423,p,7,r,r,r,m,25,3
8101003551,40.bmp,0.6277489,p,1,r,r,r,m,25,3
8101003551,0.bmp,0.4511778,p,11,r,r,r,m,25,3
8101003551,60.bmp,0.6541065,p,4,r,r,r,m,25,3
8101003551,10.bmp,0.4302552,p,11,r,r,r,m,25,3
8101003551,30.bmp,0.3784077,p,4,r,r,r,m,25,3
8101003551,0.bmp,0.4432127,p,10,r,r,r,m,25,3
8101003551,0.bmp,1.3789123,p,8,r,r,r,m,25,3
8101003551,80.bmp,0.4076771,p,10,r,r,r,m,25,3
8101003551,20.bmp,0.447168,p,3,r,r,r,m,25,3
8101003551,40.bmp,0.4248232,p,10,r,r,r,m,25,3
8101003551,70.bmp,0.7174034,p,3,r,r,r,m,25,3
8101003551,10.bmp,0.3661588,p,7,r,r,r,m,25,3
8101003551,80.bmp,0.5132023,p,11,r,r,r,m,25,3
8101003551,70.bmp,0.8348421,p,13,r,r,r,m,25,3
8101003551,40.bmp,0.3973278,p,2,r,r,r,m,25,3
8101003551,0.bmp,0.4409723,p,2,r,r,r,m,25,3
8101003551,0.bmp,0.5433038,p,6,r,r,r,m,25,3
8101003551,30.bmp,0.7088191,p,6,r,r,r,m,25,3
8101003551,80.bmp,0.554879,p,3,r,r,r,m,25,3
8101003551,70.bmp,0.351466,p,10,r,r,r,m,25,3
8101003551,20.bmp,0.3449465,p,2,r,r,r,m,25,3
8101003551,10.bmp,0.34912,p,10,r,r,r,m,25,3
8101003551,40.bmp,0.3319426,p,6,r,r,r,m,25,3
8101003551,80.bmp,0.4233693,p,7,r,r,r,m,25,3
8101003551,70.bmp,0.7014222,p,5,r,r,r,m,25,3
8101003551,40.bmp,0.3413488,p,8,r,r,r,m,25,3
8101003551,80.bmp,0.5566493,p,2,r,r,r,m,25,3
8101003551,20.bmp,0.3730121,p,11,r,r,r,m,25,3
8101003551,80.bmp,0.3519438,p,12,r,r,r,m,25,3
8101003551,10.bmp,0.3990621,p,5,r,r,r,m,25,3
8101003551,20.bmp,0.3772164,p,8,r,r,r,m,25,3
8101003551,10.bmp,0.3811065,p,3,r,r,r,m,25,3
8101003551,20.bmp,0.4133745,p,6,r,r,r,m,25,3
8101003551,60.bmp,0.3546546,p,2,r,r,r,m,25,3
8101003551,30.bmp,0.5499203,p,12,r,r,r,m,25,3
8101003551,10.bmp,0.6266429,p,6,r,r,r,m,25,3
8101003551,60.bmp,0.6175347,p,12,r,r,r,m,25,3
8101003551,20.bmp,0.6668419,p,10,r,r,r,m,25,3
8101003551,50.bmp,0.5666603,p,13,r,r,r,m,25,3
8101003551,50.bmp,0.5913964,p,2,r,r,r,m,25,3
8101003551,80.bmp,0.3438523,p,6,r,r,r,m,25,3
8101003551,30.bmp,0.3840847,p,3,r,r,r,m,25,3
8101003551,50.bmp,0.4955,p,12,r,r,r,m,25,3
8101003551,60.bmp,0.3687101,p,11,r,r,r,m,25,3
8101003551,30.bmp,0.3269312,p,9,r,r,r,m,25,3
8101003551,80.bmp,0.3034688,p,8,r,r,r,m,25,3
8101003551,60.bmp,0.3591796,p,9,r,r,r,m,25,3
8101003551,20.bmp,0.4848338,p,12,r,r,r,m,25,3
8101003551,50.bmp,0.4191598,p,4,r,r,r,m,25,3
8101003551,30.bmp,0.3542896,p,7,r,r,r,m,25,3
8101003551,0.bmp,0.3450297,p,3,r,r,r,m,25,3
8101003551,40.bmp,0.354161,p,13,r,r,r,m,25,3
8101003551,70.bmp,0.3488555,p,8,r,r,r,m,25,3
8101003551,50.bmp,0.5163126,p,5,r,r,r,m,25,3
8101003551,60.bmp,0.3631503,p,6,r,r,r,m,25,3
8101003551,70.bmp,0.4599122,p,7,r,r,r,m,25,3
8101003551,0.bmp,0.5160833,p,1,r,r,r,m,25,3
8101003551,80.bmp,0.4372999,p,1,r,r,r,m,25,3
8101003551,20.bmp,0.5063689,p,4,r,r,r,m,25,3
8101003551,30.bmp,0.3727275,p,13,r,r,r,m,25,3
8101003551,70.bmp,0.7386457,p,4,r,r,r,m,25,3
8101003551,20.bmp,0.4496234,p,5,r,r,r,m,25,3
8101003551,10.bmp,0.287011,p,2,r,r,r,m,25,3
8101003551,20.bmp,0.5048102,p,13,r,r,r,m,25,3
8101003551,60.bmp,0.4334981,p,1,r,r,r,m,25,3
8101003551,40.bmp,0.5329177,p,12,r,r,r,m,25,3
8101003551,30.bmp,0.4126307,p,11,r,r,r,m,25,3
8101003551,30.bmp,0.4054517,p,5,r,r,r,m,25,3
8101003551,0.bmp,0.3431901,p,5,r,r,r,m,25,3
8101003551,40.bmp,0.4400985,p,3,r,r,r,m,25,3
8101003551,70.bmp,0.4671325,p,6,r,r,r,m,25,3
8101003551,80.bmp,0.8664401,p,9,r,r,r,m,25,3
8101003551,70.bmp,0.5639673,p,12,r,r,r,m,25,3
8101003551,50.bmp,0.970346,p,6,r,r,r,m,25,3
8101003551,20.bmp,1.1980107,p,1,r,r,r,m,25,3
8101003551,10.bmp,0.5875698,p,4,r,r,r,m,25,3
8101003551,10.bmp,0.7213944,p,8,r,r,r,m,25,3
8101003551,40.bmp,0.984746,p,5,r,r,r,m,25,3
8101003551,50.bmp,0.5562712,p,3,r,r,r,m,25,3
8101003551,20.bmp,0.4856651,p,7,r,r,r,m,25,3
8101003551,60.bmp,0.5568198,p,5,r,r,r,m,25,3
8101003551,60.bmp,1.2232236,p,3,r,r,r,m,25,3
8101003551,40.bmp,0.4357056,p,9,r,r,r,m,25,3
8101003551,80.bmp,0.6626086,p,13,r,r,r,m,25,3
8101003551,80.bmp,0.3676362,p,5,r,r,r,m,25,3
8101003551,60.bmp,0.3691753,p,8,r,r,r,m,25,3
8101003551,70.bmp,1.1919132,p,9,r,r,r,m,25,3
8101003551,10.bmp,0.6369696,p,13,r,r,r,m,25,3
8101003551,10.bmp,1.7963961,p,9,r,r,r,m,25,3
8101003551,70.bmp,1.6806312,p,11,r,r,r,m,25,3
8101003551,30.bmp,1.1858498,p,1,r,r,r,m,25,3
8101003551,50.bmp,1.0552543,p,8,r,r,r,m,25,3
8101003551,50.bmp,0.6175965,p,9,r,r,r,m,25,3
8101003551,60.bmp,1.061381,o,10,r,r,r,m,25,3
8101003551,70.bmp,1.2220204,p,2,r,r,r,m,25,3
8101003551,0.bmp,0.6585953,p,12,r,r,r,m,25,3
8101003551,10.bmp,0.588474,p,1,r,r,r,m,25,3
8101003551,70.bmp,0.6619513,p,1,r,r,r,m,25,3
8101003551,80.bmp,1.1608726,o,4,r,r,r,m,25,3
8101003551,10.bmp,0.5764266,p,12,r,r,r,m,25,3
8101003551,50.bmp,0.7671347,p,11,r,r,r,m,25,3
8101003551,50.bmp,0.5877326,p,1,r,r,r,m,25,3
8101003551,20.bmp,0.7137256,p,9,r,r,r,m,25,3
8101003551,60.bmp,0.9954234,p,7,r,r,r,m,25,3
8101003551,0.bmp,0.4490452,p,13,r,r,r,m,25,3
8101003551,40.bmp,1.0282064,p,7,r,r,r,m,25,3
8101003551,40.bmp,0.5241815,p,4,r,r,r,m,25,3
8101003551,60.bmp,0.5328473,p,13,r,r,r,m,25,3
8101003551,50.bmp,0.6231932,p,7,r,r,r,m,25,3
8101003551,50.bmp,0.8874964,p,10,r,r,r,m,25,3
8101003551,20.bmp,0.6131031,p,5,r,r,r,m,25,3
8101003551,0.bmp,0.6015552,p,5,r,r,r,m,25,3
8101003551,20.bmp,3.0870489,p,4,r,r,r,m,25,3
8101003551,50.bmp,0.4731019,p,3,r,r,r,m,25,3
8101003551,30.bmp,1.7460178,p,8,r,r,r,m,25,3
8101003551,70.bmp,0.9639075,p,5,r,r,r,m,25,3
8101003551,30.bmp,1.165969,p,2,r,r,r,m,25,3
8101003551,70.bmp,0.6388468,p,3,r,r,r,m,25,3
8101003551,70.bmp,0.4416086,p,4,r,r,r,m,25,3
8101003551,60.bmp,0.6529062,p,9,r,r,r,m,25,3
8101003551,80.bmp,0.5617961,p,13,r,r,r,m,25,3
8101003551,10.bmp,0.4466054,p,8,r,r,r,m,25,3
8101003551,0.bmp,0.5106514,p,2,r,r,r,m,25,3
8101003551,40.bmp,0.929415,p,6,r,r,r,m,25,3
8101003551,50.bmp,0.4820084,p,1,r,r,r,m,25,3
8101003551,70.bmp,0.7305636,p,13,r,r,r,m,25,3
8101003551,40.bmp,0.5998654,p,3,r,r,r,m,25,3
8101003551,0.bmp,0.5330655,p,4,r,r,r,m,25,3
8101003551,40.bmp,0.7395866,p,10,r,r,r,m,25,3
8101003551,80.bmp,0.4742575,p,8,r,r,r,m,25,3
8101003551,70.bmp,0.381883,p,9,r,r,r,m,25,3
8101003551,10.bmp,0.5508914,p,11,r,r,r,m,25,3
8101003551,80.bmp,0.4309575,p,1,r,r,r,m,25,3
8101003551,70.bmp,0.596668,p,6,r,r,r,m,25,3
8101003551,60.bmp,1.1510286,o,4,r,r,r,m,25,3
8101003551,30.bmp,0.9562771,p,12,r,r,r,m,25,3
8101003551,20.bmp,0.5899982,p,1,r,r,r,m,25,3
8101003551,0.bmp,0.5919022,p,12,r,r,r,m,25,3
8101003551,20.bmp,1.0696919,p,12,r,r,r,m,25,3
8101003551,0.bmp,1.1637196,p,8,r,r,r,m,25,3
8101003551,60.bmp,0.5339646,p,7,r,r,r,m,25,3
8101003551,60.bmp,0.8036686,p,2,r,r,r,m,25,3
8101003551,40.bmp,0.6410187,p,4,r,r,r,m,25,3
8101003551,40.bmp,0.460368,p,1,r,r,r,m,25,3
8101003551,80.bmp,0.8060575,o,5,r,r,r,m,25,3
8101003551,50.bmp,2.3813917,o,4,r,r,r,m,25,3
8101003551,80.bmp,0.583929,p,12,r,r,r,m,25,3
8101003551,80.bmp,0.4380396,p,3,r,r,r,m,25,3
8101003551,30.bmp,0.7235657,p,6,r,r,r,m,25,3
8101003551,10.bmp,0.6164903,p,1,r,r,r,m,25,3
8101003551,20.bmp,0.7428344,p,8,r,r,r,m,25,3
8101003551,10.bmp,0.5288827,p,5,r,r,r,m,25,3
8101003551,40.bmp,0.5115211,p,11,r,r,r,m,25,3
8101003551,20.bmp,0.497667,p,7,r,r,r,m,25,3
8101003551,80.bmp,0.5717087,p,9,r,r,r,m,25,3
8101003551,40.bmp,0.4126782,p,2,r,r,r,m,25,3
8101003551,80.bmp,0.5547978,p,2,r,r,r,m,25,3
8101003551,0.bmp,0.5524454,p,6,r,r,r,m,25,3
8101003551,80.bmp,0.3852019,p,7,r,r,r,m,25,3
8101003551,20.bmp,0.3785772,p,6,r,r,r,m,25,3
8101003551,10.bmp,0.2780877,p,7,r,r,r,m,25,3
8101003551,60.bmp,0.4503309,p,8,r,r,r,m,25,3
8101003551,30.bmp,0.4455207,p,5,r,r,r,m,25,3
8101003551,80.bmp,0.3269864,p,6,r,r,r,m,25,3
8101003551,50.bmp,0.3571293,p,2,r,r,r,m,25,3
8101003551,20.bmp,0.294052,p,3,r,r,r,m,25,3
8101003551,0.bmp,0.3186782,p,11,r,r,r,m,25,3
8101003551,30.bmp,0.3316097,p,11,r,r,r,m,25,3
8101003551,10.bmp,0.5220666,p,12,r,r,r,m,25,3
8101003551,0.bmp,0.8857918,p,10,r,r,r,m,25,3
8101003551,60.bmp,0.3788978,p,5,r,r,r,m,25,3
8101003551,60.bmp,0.5248051,p,11,r,r,r,m,25,3
8101003551,70.bmp,0.4828657,p,10,r,r,r,m,25,3
8101003551,10.bmp,0.6125041,p,13,r,r,r,m,25,3
8101003551,0.bmp,0.4964396,p,9,r,r,r,m,25,3
8101003551,30.bmp,0.356805,p,4,r,r,r,m,25,3
8101003551,60.bmp,0.4192341,p,3,r,r,r,m,25,3
8101003551,40.bmp,0.4342175,p,7,r,r,r,m,25,3
8101003551,20.bmp,0.3409867,p,10,r,r,r,m,25,3
8101003551,0.bmp,0.3220719,p,7,r,r,r,m,25,3
8101003551,30.bmp,0.3502399,p,3,r,r,r,m,25,3
8101003551,0.bmp,1.1298695,p,1,r,r,r,m,25,3
8101003551,70.bmp,0.5208825,p,2,r,r,r,m,25,3
8101003551,70.bmp,0.4895598,p,1,r,r,r,m,25,3
8101003551,30.bmp,0.3984796,p,9,r,r,r,m,25,3
8101003551,10.bmp,0.3099938,p,2,r,r,r,m,25,3
8101003551,20.bmp,0.2716448,p,13,r,r,r,m,25,3
8101003551,10.bmp,0.3212504,p,3,r,r,r,m,25,3
8101003551,70.bmp,0.2975037,p,7,r,r,r,m,25,3
8101003551,60.bmp,0.2740156,p,13,r,r,r,m,25,3
8101003551,50.bmp,0.2760304,p,5,r,r,r,m,25,3
8101003551,70.bmp,0.2795347,p,12,r,r,r,m,25,3
8101003551,40.bmp,0.2556683,p,9,r,r,r,m,25,3
8101003551,40.bmp,0.223065,p,12,r,r,r,m,25,3
8101003551,30.bmp,0.2258692,p,7,r,r,r,m,25,3
8101003551,30.bmp,0.2834685,p,10,r,r,r,m,25,3
8101003551,20.bmp,0.4082473,p,2,r,r,r,m,25,3
8101003551,50.bmp,0.325231,p,8,r,r,r,m,25,3
8101003551,20.bmp,0.49383,p,9,r,r,r,m,25,3
8101003551,0.bmp,0.2970259,p,3,r,r,r,m,25,3
8101003551,50.bmp,0.2549878,p,6,r,r,r,m,25,3
8101003551,80.bmp,0.2744525,p,11,r,r,r,m,25,3
8101003551,50.bmp,0.4117619,p,13,r,r,r,m,25,3
8101003551,10.bmp,0.2951566,p,9,r,r,r,m,25,3
8101003551,60.bmp,0.3046426,p,1,r,r,r,m,25,3
8101003551,80.bmp,0.2647651,p,10,r,r,r,m,25,3
8101003551,10.bmp,0.2690229,p,10,r,r,r,m,25,3
8101003551,40.bmp,0.6007552,p,5,r,r,r,m,25,3
8101003551,40.bmp,0.3828551,p,13,r,r,r,m,25,3
8101003551,60.bmp,0.3192211,p,12,r,r,r,m,25,3
8101003551,20.bmp,0.2953335,p,11,r,r,r,m,25,3
8101003551,10.bmp,0.2807011,p,4,r,r,r,m,25,3
8101003551,40.bmp,0.2757114,p,8,r,r,r,m,25,3
8101003551,10.bmp,0.3284888,p,6,r,r,r,m,25,3
8101003551,30.bmp,0.3027506,p,13,r,r,r,m,25,3
8101003551,30.bmp,0.2760119,p,1,r,r,r,m,25,3
8101003551,50.bmp,0.3742381,p,12,r,r,r,m,25,3
8101003551,50.bmp,0.2899535,p,9,r,r,r,m,25,3
8101003551,70.bmp,0.2755829,p,8,r,r,r,m,25,3
8101003551,0.bmp,0.3197246,p,13,r,r,r,m,25,3
8101003551,60.bmp,0.2534079,p,6,r,r,r,m,25,3
8101003551,60.bmp,0.3376033,p,10,r,r,r,m,25,3
8101003551,70.bmp,1.4903599,o,11,r,r,r,m,25,3
8101003551,50.bmp,0.3512674,p,7,r,r,r,m,25,3
8101003551,50.bmp,1.0496248,p,11,r,r,r,m,25,3
8101003551,80.bmp,0.5443368,p,4,r,r,r,m,25,3
8101003551,60.bmp,0.6922954,w,3,l,r,r,m,25,3
8101003551,30.bmp,0.3979527,w,3,l,r,r,m,25,3
8101003551,70.bmp,0.5642345,w,2,l,r,r,m,25,3
8101003551,80.bmp,0.6182339,q,10,l,r,r,m,25,3
8101003551,10.bmp,0.4043592,w,13,l,r,r,m,25,3
8101003551,60.bmp,0.9491233,q,11,l,r,r,m,25,3
8101003551,40.bmp,0.5074932,w,2,l,r,r,m,25,3
8101003551,50.bmp,0.4601982,w,8,l,r,r,m,25,3
8101003551,10.bmp,0.9778661,w,10,l,r,r,m,25,3
8101003551,80.bmp,0.4286667,w,8,l,r,r,m,25,3
8101003551,50.bmp,0.5062074,w,1,l,r,r,m,25,3
8101003551,70.bmp,0.9967601,w,7,l,r,r,m,25,3
8101003551,70.bmp,0.6347044,q,11,l,r,r,m,25,3
8101003551,70.bmp,0.4724713,w,3,l,r,r,m,25,3
8101003551,20.bmp,2.0370427,w,5,l,r,r,m,25,3
8101003551,80.bmp,0.85901,w,6,l,r,r,m,25,3
8101003551,0.bmp,0.5794872,w,3,l,r,r,m,25,3
8101003551,40.bmp,0.741918,w,3,l,r,r,m,25,3
8101003551,10.bmp,2.8404255,w,2,l,r,r,m,25,3
8101003551,80.bmp,1.7453645,w,5,l,r,r,m,25,3
8101003551,10.bmp,0.5820106,w,7,l,r,r,m,25,3
8101003551,30.bmp,0.6266298,w,5,l,r,r,m,25,3
8101003551,50.bmp,0.5268517,w,3,l,r,r,m,25,3
8101003551,30.bmp,0.5617781,w,13,l,r,r,m,25,3
8101003551,70.bmp,1.2924454,w,12,l,r,r,m,25,3
8101003551,20.bmp,0.6017875,w,11,l,r,r,m,25,3
8101003551,0.bmp,2.3597794,w,2,l,r,r,m,25,3
8101003551,50.bmp,0.5842288,w,5,l,r,r,m,25,3
8101003551,60.bmp,0.54302,w,8,l,r,r,m,25,3
8101003551,80.bmp,0.6380943,w,9,l,r,r,m,25,3
8101003551,40.bmp,0.8561378,w,5,l,r,r,m,25,3
8101003551,0.bmp,0.4541854,w,9,l,r,r,m,25,3
8101003551,20.bmp,0.7204684,w,10,l,r,r,m,25,3
8101003551,20.bmp,2.6187628,w,7,l,r,r,m,25,3
8101003551,10.bmp,2.3259639,w,9,l,r,r,m,25,3
8101003551,0.bmp,0.4755726,w,13,l,r,r,m,25,3
8101003551,30.bmp,3.6931174,w,9,l,r,r,m,25,3
8101003551,40.bmp,1.1786012,w,11,l,r,r,m,25,3
8101003551,70.bmp,0.5011476,w,13,l,r,r,m,25,3
8101003551,60.bmp,0.5597795,w,7,l,r,r,m,25,3
8101003551,60.bmp,1.8160253,w,9,l,r,r,m,25,3
8101003551,40.bmp,0.4399895,w,1,l,r,r,m,25,3
8101003551,60.bmp,0.4461202,w,1,l,r,r,m,25,3
8101003551,40.bmp,0.4590569,w,13,l,r,r,m,25,3
8101003551,50.bmp,0.8591838,q,10,l,r,r,m,25,3
8101003551,60.bmp,0.3703388,w,2,l,r,r,m,25,3
8101003551,20.bmp,0.4301439,w,3,l,r,r,m,25,3
8101003551,70.bmp,1.0325918,w,10,l,r,r,m,25,3
8101003551,30.bmp,0.4623527,w,6,l,r,r,m,25,3
8101003551,80.bmp,0.5217665,w,13,l,r,r,m,25,3
8101003551,50.bmp,0.7662315,w,11,l,r,r,m,25,3
8101003551,10.bmp,0.464262,w,4,l,r,r,m,25,3
8101003551,50.bmp,0.4204383,w,12,l,r,r,m,25,3
8101003551,20.bmp,0.4748879,w,8,l,r,r,m,25,3
8101003551,30.bmp,0.427753,w,12,l,r,r,m,25,3
8101003551,0.bmp,0.7376432,w,10,l,r,r,m,25,3
8101003551,40.bmp,0.5898,w,6,l,r,r,m,25,3
8101003551,0.bmp,0.807036,w,5,l,r,r,m,25,3
8101003551,20.bmp,0.7255314,w,13,l,r,r,m,25,3
8101003551,50.bmp,0.5264258,w,2,l,r,r,m,25,3
8101003551,70.bmp,0.6554778,w,8,l,r,r,m,25,3
8101003551,80.bmp,0.5576231,w,12,l,r,r,m,25,3
8101003551,40.bmp,0.6016015,w,9,l,r,r,m,25,3
8101003551,40.bmp,0.4009681,w,10,l,r,r,m,25,3
8101003551,0.bmp,0.3941818,w,7,l,r,r,m,25,3
8101003551,70.bmp,0.583251,w,4,l,r,r,m,25,3
8101003551,30.bmp,0.3922843,w,10,l,r,r,m,25,3
8101003551,0.bmp,0.4043571,w,12,l,r,r,m,25,3
8101003551,80.bmp,0.3689216,w,2,l,r,r,m,25,3
8101003551,10.bmp,0.3090548,w,12,l,r,r,m,25,3
8101003551,30.bmp,0.357651,w,4,l,r,r,m,25,3
8101003551,30.bmp,0.344087,w,2,l,r,r,m,25,3
8101003551,10.bmp,0.3871445,w,8,l,r,r,m,25,3
8101003551,80.bmp,0.5533653,w,4,l,r,r,m,25,3
8101003551,80.bmp,0.396521,w,3,l,r,r,m,25,3
8101003551,40.bmp,0.4053695,w,7,l,r,r,m,25,3
8101003551,0.bmp,0.6622801,w,6,l,r,r,m,25,3
8101003551,50.bmp,0.3860456,w,4,l,r,r,m,25,3
8101003551,0.bmp,0.8342972,w,11,l,r,r,m,25,3
8101003551,10.bmp,0.5104486,w,1,l,r,r,m,25,3
8101003551,70.bmp,0.491868,w,9,l,r,r,m,25,3
8101003551,80.bmp,0.4810083,w,1,l,r,r,m,25,3
8101003551,60.bmp,0.4434513,w,4,l,r,r,m,25,3
8101003551,60.bmp,1.2538164,w,10,l,r,r,m,25,3
8101003551,0.bmp,0.432921,w,8,l,r,r,m,25,3
8101003551,40.bmp,0.478934,w,8,l,r,r,m,25,3
8101003551,0.bmp,0.4357644,w,1,l,r,r,m,25,3
8101003551,30.bmp,0.4334275,w,8,l,r,r,m,25,3
8101003551,20.bmp,0.5947428,w,12,l,r,r,m,25,3
8101003551,20.bmp,0.4883983,w,1,l,r,r,m,25,3
8101003551,50.bmp,0.5007303,w,6,l,r,r,m,25,3
8101003551,40.bmp,0.5318293,w,4,l,r,r,m,25,3
8101003551,60.bmp,0.3518851,w,6,l,r,r,m,25,3
8101003551,80.bmp,0.553771,w,7,l,r,r,m,25,3
8101003551,20.bmp,0.7242567,w,6,l,r,r,m,25,3
8101003551,10.bmp,0.0242601,w,3,l,r,r,m,25,3
8101003551,0.bmp,0.6941891,w,4,l,r,r,m,25,3
8101003551,50.bmp,2.170038,w,13,l,r,r,m,25,3
8101003551,10.bmp,0.4981701,w,11,l,r,r,m,25,3
8101003551,30.bmp,0.5520183,w,1,l,r,r,m,25,3
8101003551,50.bmp,1.2826505,w,9,l,r,r,m,25,3
8101003551,60.bmp,0.5345702,w,13,l,r,r,m,25,3
8101003551,50.bmp,0.5747117,w,7,l,r,r,m,25,3
8101003551,70.bmp,0.5858291,w,1,l,r,r,m,25,3
8101003551,40.bmp,0.5163442,w,12,l,r,r,m,25,3
8101003551,60.bmp,0.6227843,w,12,l,r,r,m,25,3
8101003551,30.bmp,0.8228728,w,11,l,r,r,m,25,3
8101003551,70.bmp,0.7094386,q,6,l,r,r,m,25,3
8101003551,20.bmp,0.6240477,w,9,l,r,r,m,25,3
8101003551,60.bmp,0.5362072,q,5,l,r,r,m,25,3
8101003551,20.bmp,0.7320629,q,4,l,r,r,m,25,3
8101003551,70.bmp,0.6890961,q,5,l,r,r,m,25,3
8101003551,30.bmp,0.6578379,w,7,l,r,r,m,25,3
8101003551,20.bmp,0.4953963,w,2,l,r,r,m,25,3
8101003551,10.bmp,1.0184473,w,5,l,r,r,m,25,3
8101003551,10.bmp,0.4041875,w,6,l,r,r,m,25,3
8101003551,80.bmp,0.618361,w,11,l,r,r,m,25,3
8101003551,80.bmp,0.391274,w,1,l,r,r,m,25,3
8101003551,30.bmp,0.420588,w,13,l,r,r,m,25,3
8101003551,50.bmp,0.5283902,w,3,l,r,r,m,25,3
8101003551,10.bmp,0.3841727,w,5,l,r,r,m,25,3
8101003551,40.bmp,0.5155506,w,5,l,r,r,m,25,3
8101003551,0.bmp,0.4071158,w,4,l,r,r,m,25,3
8101003551,60.bmp,0.410381,w,8,l,r,r,m,25,3
8101003551,60.bmp,0.4043388,w,2,l,r,r,m,25,3
8101003551,0.bmp,0.5397738,w,2,l,r,r,m,25,3
8101003551,40.bmp,0.4995907,w,2,l,r,r,m,25,3
8101003551,40.bmp,0.6478387,w,10,l,r,r,m,25,3
8101003551,70.bmp,0.4000026,w,13,l,r,r,m,25,3
8101003551,30.bmp,0.3868265,w,12,l,r,r,m,25,3
8101003551,10.bmp,0.6633797,w,10,l,r,r,m,25,3
8101003551,70.bmp,0.7287538,w,10,l,r,r,m,25,3
8101003551,20.bmp,0.393176,w,2,l,r,r,m,25,3
8101003551,0.bmp,0.5740684,w,7,l,r,r,m,25,3
8101003551,0.bmp,0.4516583,w,10,l,r,r,m,25,3
8101003551,60.bmp,0.3938353,w,10,l,r,r,m,25,3
8101003551,70.bmp,4.0898546,w,8,l,r,r,m,25,3
8101003551,80.bmp,0.5912765,w,10,l,r,r,m,25,3
8101003551,70.bmp,0.6277677,w,6,l,r,r,m,25,3
8101003551,20.bmp,0.9977427,w,4,l,r,r,m,25,3
8101003551,80.bmp,1.2745386,w,6,l,r,r,m,25,3
8101003551,0.bmp,1.9373429,w,12,l,r,r,m,25,3
8101003551,20.bmp,0.6660556,w,3,l,r,r,m,25,3
8101003551,40.bmp,0.4663768,w,13,l,r,r,m,25,3
8101003551,50.bmp,0.5162531,w,6,l,r,r,m,25,3
8101003551,70.bmp,0.7162536,w,11,l,r,r,m,25,3
8101003551,30.bmp,0.6198064,w,11,l,r,r,m,25,3
8101003551,10.bmp,0.5934824,w,9,l,r,r,m,25,3
8101003551,20.bmp,1.7986523,w,7,l,r,r,m,25,3
8101003551,0.bmp,2.2226057,w,3,l,r,r,m,25,3
8101003551,0.bmp,0.6848687,w,8,l,r,r,m,25,3
8101003551,0.bmp,1.3428615,w,6,l,r,r,m,25,3
8101003551,80.bmp,1.0531278,w,8,l,r,r,m,25,3
8101003551,10.bmp,0.442396,w,8,l,r,r,m,25,3
8101003551,60.bmp,0.3958838,w,9,l,r,r,m,25,3
8101003551,60.bmp,0.6517369,w,4,l,r,r,m,25,3
8101003551,30.bmp,0.3343447,w,1,l,r,r,m,25,3
8101003551,0.bmp,0.5576719,w,11,l,r,r,m,25,3
8101003551,10.bmp,0.3810221,w,3,l,r,r,m,25,3
8101003551,50.bmp,0.8737548,q,4,l,r,r,m,25,3
8101003551,30.bmp,1.1277777,w,3,l,r,r,m,25,3
8101003551,40.bmp,1.9049079,q,6,l,r,r,m,25,3
8101003551,40.bmp,0.6961299,w,1,l,r,r,m,25,3
8101003551,20.bmp,0.7410761,w,12,l,r,r,m,25,3
8101003551,60.bmp,0.6670989,w,7,l,r,r,m,25,3
8101003551,50.bmp,0.4997277,w,7,l,r,r,m,25,3
8101003551,50.bmp,0.9504747,q,10,l,r,r,m,25,3
8101003551,40.bmp,0.49856,w,9,l,r,r,m,25,3
8101003551,10.bmp,5.0272225,w,12,l,r,r,m,25,3
8101003551,50.bmp,0.6350364,w,11,l,r,r,m,25,3
8101003551,30.bmp,0.4698658,w,9,l,r,r,m,25,3
8101003551,60.bmp,0.4020782,w,6,l,r,r,m,25,3
8101003551,40.bmp,0.5123579,w,12,l,r,r,m,25,3
8101003551,10.bmp,0.4300421,w,2,l,r,r,m,25,3
8101003551,70.bmp,0.8115156,q,5,l,r,r,m,25,3
8101003551,60.bmp,0.3709014,w,1,l,r,r,m,25,3
8101003551,20.bmp,0.438309,w,8,l,r,r,m,25,3
8101003551,70.bmp,0.4194369,w,1,l,r,r,m,25,3
8101003551,80.bmp,0.4899324,w,13,l,r,r,m,25,3
8101003551,20.bmp,0.6182008,w,5,l,r,r,m,25,3
8101003551,80.bmp,0.4256707,w,7,l,r,r,m,25,3
8101003551,50.bmp,0.3939352,w,9,l,r,r,m,25,3
8101003551,30.bmp,0.7301121,w,10,l,r,r,m,25,3
8101003551,30.bmp,0.3821354,w,7,l,r,r,m,25,3
8101003551,60.bmp,0.5455574,w,11,l,r,r,m,25,3
8101003551,10.bmp,0.4127458,w,13,l,r,r,m,25,3
8101003551,80.bmp,0.4165916,w,9,l,r,r,m,25,3
8101003551,40.bmp,0.3438419,w,11,l,r,r,m,25,3
8101003551,0.bmp,0.3869389,w,9,l,r,r,m,25,3
8101003551,0.bmp,0.4017504,w,1,l,r,r,m,25,3
8101003551,60.bmp,0.4281987,w,3,l,r,r,m,25,3
8101003551,10.bmp,0.4838468,w,1,l,r,r,m,25,3
8101003551,70.bmp,0.4500907,w,4,l,r,r,m,25,3
8101003551,50.bmp,0.4645406,w,5,l,r,r,m,25,3
8101003551,20.bmp,0.3145784,w,13,l,r,r,m,25,3
8101003551,60.bmp,0.476014,w,13,l,r,r,m,25,3
8101003551,20.bmp,0.355146,w,9,l,r,r,m,25,3
8101003551,40.bmp,0.3042879,w,7,l,r,r,m,25,3
8101003551,80.bmp,0.2666486,w,11,l,r,r,m,25,3
8101003551,10.bmp,0.2779066,w,7,l,r,r,m,25,3
8101003551,10.bmp,0.2818423,w,11,l,r,r,m,25,3
8101003551,30.bmp,0.2834112,w,8,l,r,r,m,25,3
8101003551,80.bmp,0.2655232,w,5,l,r,r,m,25,3
8101003551,80.bmp,0.2368039,w,12,l,r,r,m,25,3
8101003551,50.bmp,0.2810285,w,12,l,r,r,m,25,3
8101003551,70.bmp,0.379021,w,2,l,r,r,m,25,3
8101003551,50.bmp,0.2967808,w,13,l,r,r,m,25,3
8101003551,30.bmp,0.350111,w,6,l,r,r,m,25,3
8101003551,10.bmp,0.4116797,w,4,l,r,r,m,25,3
8101003551,70.bmp,0.3079683,w,7,l,r,r,m,25,3
8101003551,50.bmp,0.3080658,w,8,l,r,r,m,25,3
8101003551,70.bmp,0.3147775,w,9,l,r,r,m,25,3
8101003551,30.bmp,0.3380668,w,4,l,r,r,m,25,3
8101003551,50.bmp,0.2906146,w,1,l,r,r,m,25,3
8101003551,70.bmp,0.3408737,w,3,l,r,r,m,25,3
8101003551,30.bmp,0.2838587,w,5,l,r,r,m,25,3
8101003551,80.bmp,0.3561229,w,4,l,r,r,m,25,3
8101003551,40.bmp,0.2813178,w,8,l,r,r,m,25,3
8101003551,10.bmp,0.4498662,w,6,l,r,r,m,25,3
8101003551,60.bmp,0.5100929,w,12,l,r,r,m,25,3
8101003551,20.bmp,0.3557889,w,1,l,r,r,m,25,3
8101003551,20.bmp,0.5949626,w,11,l,r,r,m,25,3
8101003551,40.bmp,0.3229369,w,3,l,r,r,m,25,3
8101003551,30.bmp,0.3207338,w,2,l,r,r,m,25,3
8101003551,20.bmp,0.6772009,w,10,l,r,r,m,25,3
8101003551,0.bmp,0.4661262,w,5,l,r,r,m,25,3
8101003551,20.bmp,0.3735698,w,6,l,r,r,m,25,3
8101003551,80.bmp,0.3786481,w,2,l,r,r,m,25,3
8101003551,50.bmp,0.397898,w,2,l,r,r,m,25,3
8101003551,70.bmp,0.2686605,w,12,l,r,r,m,25,3
8101003551,0.bmp,0.304984,w,13,l,r,r,m,25,3
8101003551,60.bmp,0.3163101,w,5,l,r,r,m,25,3
8101003551,80.bmp,0.3665433,w,3,l,r,r,m,25,3
8101003551,40.bmp,0.2547672,w,4,l,r,r,m,25,3
8101003551,70.bmp,0.5120111,p,1,r,r,r,m,25,3
8101003551,10.bmp,0.490612,p,3,r,r,r,m,25,3
8101003551,20.bmp,0.4210812,p,1,r,r,r,m,25,3
8101003551,60.bmp,0.3137422,p,7,r,r,r,m,25,3
8101003551,80.bmp,0.5013102,p,4,r,r,r,m,25,3
8101003551,10.bmp,0.3501157,p,12,r,r,r,m,25,3
8101003551,30.bmp,0.3597927,p,13,r,r,r,m,25,3
8101003551,60.bmp,0.3861303,p,9,r,r,r,m,25,3
8101003551,30.bmp,2.2095931,p,7,r,r,r,m,25,3
8101003551,20.bmp,3.1556331,p,9,r,r,r,m,25,3
8101003551,10.bmp,1.8984611,p,1,r,r,r,m,25,3
8101003551,70.bmp,0.6305576,p,13,r,r,r,m,25,3
8101003551,0.bmp,0.8158835,p,11,r,r,r,m,25,3
8101003551,40.bmp,0.4874011,p,6,r,r,r,m,25,3
8101003551,70.bmp,0.5175755,p,12,r,r,r,m,25,3
8101003551,30.bmp,0.370797,p,4,r,r,r,m,25,3
8101003551,50.bmp,0.4514087,p,7,r,r,r,m,25,3
8101003551,0.bmp,0.3606029,p,9,r,r,r,m,25,3
8101003551,50.bmp,0.3707149,p,3,r,r,r,m,25,3
8101003551,0.bmp,0.3761259,p,1,r,r,r,m,25,3
8101003551,0.bmp,0.493455,p,6,r,r,r,m,25,3
8101003551,30.bmp,0.3546963,p,9,r,r,r,m,25,3
8101003551,0.bmp,0.3244854,p,3,r,r,r,m,25,3
8101003551,20.bmp,0.2520249,p,13,r,r,r,m,25,3
8101003551,70.bmp,0.4080976,p,2,r,r,r,m,25,3
8101003551,80.bmp,0.269796,p,1,r,r,r,m,25,3
8101003551,20.bmp,0.3518447,p,7,r,r,r,m,25,3
8101003551,10.bmp,0.3718659,p,7,r,r,r,m,25,3
8101003551,10.bmp,0.3456553,p,4,r,r,r,m,25,3
8101003551,60.bmp,0.3034362,p,6,r,r,r,m,25,3
8101003551,10.bmp,0.3010183,p,5,r,r,r,m,25,3
8101003551,60.bmp,0.2664143,p,1,r,r,r,m,25,3
8101003551,10.bmp,0.2990744,p,10,r,r,r,m,25,3
8101003551,10.bmp,0.2807431,p,13,r,r,r,m,25,3
8101003551,60.bmp,0.2801206,p,13,r,r,r,m,25,3
8101003551,40.bmp,0.3716034,p,11,r,r,r,m,25,3
8101003551,70.bmp,0.8910822,p,11,r,r,r,m,25,3
8101003551,0.bmp,0.4707914,p,12,r,r,r,m,25,3
8101003551,30.bmp,0.3392104,p,8,r,r,r,m,25,3
8101003551,70.bmp,0.2773943,p,3,r,r,r,m,25,3
8101003551,50.bmp,0.1993515,p,10,r,r,r,m,25,3
8101003551,30.bmp,0.3021547,p,10,r,r,r,m,25,3
8101003551,50.bmp,0.5274271,p,6,r,r,r,m,25,3
8101003551,20.bmp,0.30446,p,5,r,r,r,m,25,3
8101003551,60.bmp,0.2362593,p,11,r,r,r,m,25,3
8101003551,30.bmp,0.3512521,p,5,r,r,r,m,25,3
8101003551,0.bmp,0.4812891,p,7,r,r,r,m,25,3
8101003551,70.bmp,0.5342713,p,6,r,r,r,m,25,3
8101003551,80.bmp,0.4150004,p,7,r,r,r,m,25,3
8101003551,80.bmp,0.4090705,p,2,r,r,r,m,25,3
8101003551,50.bmp,0.3702468,p,2,r,r,r,m,25,3
8101003551,60.bmp,0.5173717,p,4,r,r,r,m,25,3
8101003551,10.bmp,0.3454092,p,6,r,r,r,m,25,3
8101003551,20.bmp,0.7056424,p,8,r,r,r,m,25,3
8101003551,30.bmp,0.4636812,p,3,r,r,r,m,25,3
8101003551,70.bmp,0.3433837,p,5,r,r,r,m,25,3
8101003551,40.bmp,0.287628,p,3,r,r,r,m,25,3
8101003551,20.bmp,0.2838384,p,6,r,r,r,m,25,3
8101003551,0.bmp,0.2940054,p,8,r,r,r,m,25,3
8101003551,70.bmp,0.3036954,p,7,r,r,r,m,25,3
8101003551,10.bmp,0.3111657,p,8,r,r,r,m,25,3
8101003551,20.bmp,0.2787812,p,2,r,r,r,m,25,3
8101003551,20.bmp,0.3418583,p,4,r,r,r,m,25,3
8101003551,60.bmp,0.3040933,p,12,r,r,r,m,25,3
8101003551,0.bmp,0.3181171,p,4,r,r,r,m,25,3
8101003551,80.bmp,0.2859837,p,6,r,r,r,m,25,3
8101003551,20.bmp,0.3286564,p,10,r,r,r,m,25,3
8101003551,40.bmp,0.6252452,p,8,r,r,r,m,25,3
8101003551,40.bmp,0.3166409,p,13,r,r,r,m,25,3
8101003551,50.bmp,0.5562866,p,12,r,r,r,m,25,3
8101003551,30.bmp,0.6633751,p,11,r,r,r,m,25,3
8101003551,40.bmp,0.3427427,p,9,r,r,r,m,25,3
8101003551,60.bmp,0.3410172,p,5,r,r,r,m,25,3
8101003551,70.bmp,0.2933402,p,8,r,r,r,m,25,3
8101003551,20.bmp,0.2901898,p,11,r,r,r,m,25,3
8101003551,30.bmp,0.3445115,p,1,r,r,r,m,25,3
8101003551,80.bmp,0.332939,p,5,r,r,r,m,25,3
8101003551,50.bmp,0.2803214,p,8,r,r,r,m,25,3
8101003551,70.bmp,0.2931433,p,10,r,r,r,m,25,3
8101003551,80.bmp,0.2828079,p,11,r,r,r,m,25,3
8101003551,30.bmp,0.355056,p,6,r,r,r,m,25,3
8101003551,80.bmp,0.2888801,p,8,r,r,r,m,25,3
8101003551,20.bmp,0.298331,p,12,r,r,r,m,25,3
8101003551,0.bmp,0.2970229,p,2,r,r,r,m,25,3
8101003551,40.bmp,0.2943356,p,12,r,r,r,m,25,3
8101003551,50.bmp,0.3517728,p,13,r,r,r,m,25,3
8101003551,80.bmp,0.2984334,p,12,r,r,r,m,25,3
8101003551,10.bmp,0.3455848,p,9,r,r,r,m,25,3
8101003551,50.bmp,0.3949383,p,9,r,r,r,m,25,3
8101003551,60.bmp,0.4044314,p,8,r,r,r,m,25,3
8101003551,40.bmp,0.320643,p,4,r,r,r,m,25,3
8101003551,60.bmp,0.3407783,p,3,r,r,r,m,25,3
8101003551,40.bmp,0.3595359,p,2,r,r,r,m,25,3
8101003551,30.bmp,0.3880887,p,2,r,r,r,m,25,3
8101003551,0.bmp,0.3371249,p,13,r,r,r,m,25,3
8101003551,80.bmp,0.3771692,p,10,r,r,r,m,25,3
8101003551,60.bmp,0.6700142,p,10,r,r,r,m,25,3
8101003551,10.bmp,0.3920691,p,2,r,r,r,m,25,3
8101003551,40.bmp,1.6577851,p,1,r,r,r,m,25,3
8101003551,80.bmp,0.454016,p,13,r,r,r,m,25,3
8101003551,70.bmp,0.3586179,p,4,r,r,r,m,25,3
8101003551,30.bmp,0.3616717,p,12,r,r,r,m,25,3
8101003551,70.bmp,1.0393677,p,9,r,r,r,m,25,3
8101003551,40.bmp,0.4943808,p,5,r,r,r,m,25,3
8101003551,0.bmp,1.2341986,p,10,r,r,r,m,25,3
8101003551,80.bmp,0.4223799,p,3,r,r,r,m,25,3
8101003551,0.bmp,0.3752263,p,5,r,r,r,m,25,3
8101003551,50.bmp,0.8235459,p,5,r,r,r,m,25,3
8101003551,50.bmp,0.5165501,p,11,r,r,r,m,25,3
8101003551,10.bmp,0.4043568,p,11,r,r,r,m,25,3
8101003551,50.bmp,0.3239004,p,4,r,r,r,m,25,3
8101003551,80.bmp,0.3431791,p,9,r,r,r,m,25,3
8101003551,50.bmp,0.376853,p,1,r,r,r,m,25,3
8101003551,40.bmp,0.2919234,p,7,r,r,r,m,25,3
8101003551,40.bmp,0.3748486,p,10,r,r,r,m,25,3
8101003551,20.bmp,0.4356283,p,3,r,r,r,m,25,3
8101003551,60.bmp,0.4409893,p,2,r,r,r,m,25,3
8101003551,20.bmp,0.4452142,p,9,r,r,r,m,25,3
8101003551,20.bmp,0.3752695,p,12,r,r,r,m,25,3
8101003551,40.bmp,0.3458163,p,13,r,r,r,m,25,3
8101003551,80.bmp,0.6661755,p,5,r,r,r,m,25,3
8101003551,40.bmp,0.3795267,p,3,r,r,r,m,25,3
8101003551,60.bmp,0.3381549,p,1,r,r,r,m,25,3
8101003551,70.bmp,0.3164776,p,3,r,r,r,m,25,3
8101003551,70.bmp,0.4967128,p,8,r,r,r,m,25,3
8101003551,30.bmp,0.440557,p,7,r,r,r,m,25,3
8101003551,60.bmp,0.6384864,p,5,r,r,r,m,25,3
8101003551,60.bmp,0.3321282,p,9,r,r,r,m,25,3
8101003551,80.bmp,0.3919787,p,4,r,r,r,m,25,3
8101003551,60.bmp,0.3149127,p,3,r,r,r,m,25,3
8101003551,60.bmp,0.629305,p,4,r,r,r,m,25,3
8101003551,70.bmp,0.6270412,p,6,r,r,r,m,25,3
8101003551,50.bmp,1.4958183,p,1,r,r,r,m,25,3
8101003551,40.bmp,0.5107628,p,5,r,r,r,m,25,3
8101003551,80.bmp,0.5772978,p,3,r,r,r,m,25,3
8101003551,70.bmp,0.1716521,p,13,r,r,r,m,25,3
8101003551,20.bmp,0.5341003,p,4,r,r,r,m,25,3
8101003551,50.bmp,0.391367,p,4,r,r,r,m,25,3
8101003551,10.bmp,0.4915752,p,7,r,r,r,m,25,3
8101003551,80.bmp,0.3352872,p,2,r,r,r,m,25,3
8101003551,60.bmp,0.294734,p,11,r,r,r,m,25,3
8101003551,10.bmp,0.3096193,p,6,r,r,r,m,25,3
8101003551,40.bmp,0.2678943,p,10,r,r,r,m,25,3
8101003551,0.bmp,0.3223734,p,10,r,r,r,m,25,3
8101003551,20.bmp,0.3876057,p,2,r,r,r,m,25,3
8101003551,70.bmp,0.3446112,p,12,r,r,r,m,25,3
8101003551,10.bmp,0.3715535,p,4,r,r,r,m,25,3
8101003551,10.bmp,0.3836431,p,5,r,r,r,m,25,3
8101003551,0.bmp,0.3484572,p,3,r,r,r,m,25,3
8101003551,80.bmp,0.3639922,p,9,r,r,r,m,25,3
8101003551,30.bmp,0.6098211,p,10,r,r,r,m,25,3
8101003551,60.bmp,0.2752986,p,12,r,r,r,m,25,3
8101003551,80.bmp,0.3109001,p,10,r,r,r,m,25,3
8101003551,70.bmp,0.3253467,p,5,r,r,r,m,25,3
8101003551,0.bmp,0.4585992,p,7,r,r,r,m,25,3
8101003551,50.bmp,0.8263697,p,13,r,r,r,m,25,3
8101003551,20.bmp,0.2984758,p,5,r,r,r,m,25,3
8101003551,20.bmp,0.291041,p,8,r,r,r,m,25,3
8101003551,50.bmp,0.3165053,p,3,r,r,r,m,25,3
8101003551,0.bmp,0.3085804,p,2,r,r,r,m,25,3
8101003551,40.bmp,0.302237,p,7,r,r,r,m,25,3
8101003551,10.bmp,0.366188,p,3,r,r,r,m,25,3
8101003551,70.bmp,0.330651,p,2,r,r,r,m,25,3
8101003551,40.bmp,0.3394236,p,9,r,r,r,m,25,3
8101003551,10.bmp,0.3613657,p,1,r,r,r,m,25,3
8101003551,20.bmp,0.3811329,p,7,r,r,r,m,25,3
8101003551,70.bmp,0.3100678,p,4,r,r,r,m,25,3
8101003551,0.bmp,0.4956517,p,6,r,r,r,m,25,3
8101003551,80.bmp,0.5020918,p,6,r,r,r,m,25,3
8101003551,60.bmp,0.342143,p,13,r,r,r,m,25,3
8101003551,20.bmp,0.3355417,p,13,r,r,r,m,25,3
8101003551,60.bmp,0.2849353,p,7,r,r,r,m,25,3
8101003551,20.bmp,0.558351,p,11,r,r,r,m,25,3
8101003551,10.bmp,0.4543729,p,9,r,r,r,m,25,3
8101003551,50.bmp,0.3625931,p,12,r,r,r,m,25,3
8101003551,30.bmp,0.3824733,p,11,r,r,r,m,25,3
8101003551,40.bmp,0.3459779,p,8,r,r,r,m,25,3
8101003551,50.bmp,0.2644907,p,7,r,r,r,m,25,3
8101003551,60.bmp,0.3180083,p,8,r,r,r,m,25,3
8101003551,50.bmp,1.0370887,p,9,r,r,r,m,25,3
8101003551,50.bmp,0.8610368,p,6,r,r,r,m,25,3
8101003551,10.bmp,0.8705041,p,2,r,r,r,m,25,3
8101003551,50.bmp,0.641384,p,10,r,r,r,m,25,3
8101003551,30.bmp,0.3785326,p,4,r,r,r,m,25,3
8101003551,30.bmp,0.3901453,p,12,r,r,r,m,25,3
8101003551,0.bmp,0.3309333,p,12,r,r,r,m,25,3
8101003551,10.bmp,0.7371677,p,12,r,r,r,m,25,3
8101003551,80.bmp,0.4480704,p,13,r,r,r,m,25,3
8101003551,70.bmp,2.1833593,p,11,r,r,r,m,25,3
8101003551,80.bmp,0.4448319,p,8,r,r,r,m,25,3
8101003551,60.bmp,0.4381929,p,2,r,r,r,m,25,3
8101003551,30.bmp,0.5027904,p,13,r,r,r,m,25,3
8101003551,50.bmp,0.5960405,p,5,r,r,r,m,25,3
8101003551,60.bmp,0.4125229,p,10,r,r,r,m,25,3
8101003551,40.bmp,0.4895292,p,12,r,r,r,m,25,3
8101003551,30.bmp,0.3191091,p,1,r,r,r,m,25,3
8101003551,80.bmp,0.3912278,p,12,r,r,r,m,25,3
8101003551,40.bmp,0.5105013,p,1,r,r,r,m,25,3
8101003551,0.bmp,0.88011,p,5,r,r,r,m,25,3
8101003551,10.bmp,0.5627089,p,11,r,r,r,m,25,3
8101003551,0.bmp,0.5397312,p,4,r,r,r,m,25,3
8101003551,20.bmp,0.3145337,p,3,r,r,r,m,25,3
8101003551,20.bmp,0.2181185,p,10,r,r,r,m,25,3
8101003551,20.bmp,0.3086842,p,1,r,r,r,m,25,3
8101003551,40.bmp,0.3427296,p,6,r,r,r,m,25,3
8101003551,50.bmp,0.3666629,p,2,r,r,r,m,25,3
8101003551,80.bmp,0.2969728,p,1,r,r,r,m,25,3
8101003551,80.bmp,0.3248101,p,7,r,r,r,m,25,3
8101003551,40.bmp,0.2880953,p,2,r,r,r,m,25,3
8101003551,0.bmp,0.6166332,p,11,r,r,r,m,25,3
8101003551,70.bmp,0.9659253,p,10,r,r,r,m,25,3
8101003551,80.bmp,0.700252,o,11,r,r,r,m,25,3
8101003551,0.bmp,0.360938,p,13,r,r,r,m,25,3
8101003551,50.bmp,0.4611712,p,8,r,r,r,m,25,3
8101003551,0.bmp,0.7120005,p,9,r,r,r,m,25,3
8101003551,30.bmp,0.7500266,p,8,r,r,r,m,25,3
8101003551,0.bmp,1.7538473,p,8,r,r,r,m,25,3
8101003551,30.bmp,0.4220233,p,2,r,r,r,m,25,3
8101003551,70.bmp,0.4856104,p,9,r,r,r,m,25,3
8101003551,10.bmp,0.3483413,p,8,r,r,r,m,25,3
8101003551,70.bmp,0.3388486,p,7,r,r,r,m,25,3
8101003551,10.bmp,0.3394368,p,10,r,r,r,m,25,3
8101003551,70.bmp,0.3938074,p,1,r,r,r,m,25,3
8101003551,30.bmp,0.326941,p,5,r,r,r,m,25,3
8101003551,40.bmp,0.3229895,p,4,r,r,r,m,25,3
8101003551,0.bmp,0.3839305,p,1,r,r,r,m,25,3
8101003551,30.bmp,0.388283,p,9,r,r,r,m,25,3
8101003551,20.bmp,0.4420978,p,6,r,r,r,m,25,3
8101003551,30.bmp,0.3030611,p,6,r,r,r,m,25,3
8101003551,60.bmp,0.3002332,p,6,r,r,r,m,25,3
8101003551,10.bmp,0.2768568,p,13,r,r,r,m,25,3
8101003551,30.bmp,0.3724625,p,3,r,r,r,m,25,3
8101003551,40.bmp,0.3251401,p,11,r,r,r,m,25,3
8101003551,50.bmp,0.2947126,p,11,r,r,r,m,25,3
8101003551,30.bmp,0.6505518,w,10,l,r,r,m,25,3
8101003551,40.bmp,0.4332216,w,1,l,r,r,m,25,3
8101003551,80.bmp,0.3496978,w,4,l,r,r,m,25,3
8101003551,20.bmp,0.4394985,w,13,l,r,r,m,25,3
8101003551,20.bmp,0.4155142,w,3,l,r,r,m,25,3
8101003551,60.bmp,0.4130588,w,12,l,r,r,m,25,3
8101003551,70.bmp,0.2924247,w,2,l,r,r,m,25,3
8101003551,50.bmp,0.5105158,q,10,l,r,r,m,25,3
8101003551,0.bmp,0.3074899,w,3,l,r,r,m,25,3
8101003551,30.bmp,0.4331437,w,3,l,r,r,m,25,3
8101003551,20.bmp,0.3340628,w,4,l,r,r,m,25,3
8101003551,10.bmp,0.3292673,w,6,l,r,r,m,25,3
8101003551,0.bmp,0.2590108,w,4,l,r,r,m,25,3
8101003551,0.bmp,0.2690732,w,9,l,r,r,m,25,3
8101003551,10.bmp,0.2744154,w,4,l,r,r,m,25,3
8101003551,0.bmp,0.2754275,w,10,l,r,r,m,25,3
8101003551,20.bmp,0.3781702,w,12,l,r,r,m,25,3
8101003551,40.bmp,0.2764131,w,2,l,r,r,m,25,3
8101003551,40.bmp,0.4418979,w,11,l,r,r,m,25,3
8101003551,80.bmp,0.311715,w,12,l,r,r,m,25,3
8101003551,60.bmp,0.2286982,w,7,l,r,r,m,25,3
8101003551,40.bmp,1.1454577,q,10,l,r,r,m,25,3
8101003551,60.bmp,0.5894567,q,10,l,r,r,m,25,3
8101003551,60.bmp,0.6906786,q,5,l,r,r,m,25,3
8101003551,50.bmp,0.3630181,w,8,l,r,r,m,25,3
8101003551,60.bmp,0.8294405,q,11,l,r,r,m,25,3
8101003551,20.bmp,0.9667576,q,6,l,r,r,m,25,3
8101003551,30.bmp,0.341385,w,7,l,r,r,m,25,3
8101003551,30.bmp,0.3975822,w,2,l,r,r,m,25,3
8101003551,30.bmp,0.2970947,w,8,l,r,r,m,25,3
8101003551,80.bmp,0.3150521,w,3,l,r,r,m,25,3
8101003551,50.bmp,0.4553765,w,1,l,r,r,m,25,3
8101003551,40.bmp,0.3587817,w,3,l,r,r,m,25,3
8101003551,70.bmp,0.4955998,w,13,l,r,r,m,25,3
8101003551,80.bmp,0.6105257,w,8,l,r,r,m,25,3
8101003551,30.bmp,0.4829696,w,13,l,r,r,m,25,3
8101003551,60.bmp,1.078832,w,1,l,r,r,m,25,3
8101003551,70.bmp,0.4558353,w,7,l,r,r,m,25,3
8101003551,70.bmp,1.6490163,w,5,l,r,r,m,25,3
8101003551,30.bmp,2.3883732,w,12,l,r,r,m,25,3
8101003551,70.bmp,2.4065591,w,6,l,r,r,m,25,3
8101003551,30.bmp,0.7059861,w,5,l,r,r,m,25,3
8101003551,40.bmp,0.3136007,w,8,l,r,r,m,25,3
8101003551,50.bmp,0.3997201,w,4,l,r,r,m,25,3
8101003551,80.bmp,0.4258599,w,2,l,r,r,m,25,3
8101003551,0.bmp,0.3710372,w,2,l,r,r,m,25,3
8101003551,20.bmp,0.4834428,w,10,l,r,r,m,25,3
8101003551,80.bmp,0.5412731,w,1,l,r,r,m,25,3
8101003551,50.bmp,0.4341275,w,9,l,r,r,m,25,3
8101003551,50.bmp,0.4242979,w,11,l,r,r,m,25,3
8101003551,80.bmp,0.3866997,w,9,l,r,r,m,25,3
8101003551,40.bmp,0.4609636,w,4,l,r,r,m,25,3
8101003551,30.bmp,0.35886,w,9,l,r,r,m,25,3
8101003551,0.bmp,0.3974474,w,7,l,r,r,m,25,3
8101003551,50.bmp,0.5950212,w,3,l,r,r,m,25,3
8101003551,80.bmp,0.4872505,w,11,l,r,r,m,25,3
8101003551,60.bmp,0.4687661,w,9,l,r,r,m,25,3
8101003551,10.bmp,0.5520841,w,12,l,r,r,m,25,3
8101003551,40.bmp,0.6610764,w,13,l,r,r,m,25,3
8101003551,50.bmp,0.5197559,w,13,l,r,r,m,25,3
8101003551,40.bmp,0.6112374,w,6,l,r,r,m,25,3
8101003551,10.bmp,0.4457291,w,7,l,r,r,m,25,3
8101003551,10.bmp,0.4331006,w,8,l,r,r,m,25,3
8101003551,60.bmp,0.8438471,w,4,l,r,r,m,25,3
8101003551,70.bmp,0.4440157,w,11,l,r,r,m,25,3
8101003551,60.bmp,0.2688831,w,8,l,r,r,m,25,3
8101003551,20.bmp,0.3992457,w,8,l,r,r,m,25,3
8101003551,0.bmp,0.3146675,w,12,l,r,r,m,25,3
8101003551,60.bmp,0.4042674,w,2,l,r,r,m,25,3
8101003551,0.bmp,0.3310772,w,11,l,r,r,m,25,3
8101003551,70.bmp,0.4349309,w,9,l,r,r,m,25,3
8101003551,20.bmp,0.4255092,w,11,l,r,r,m,25,3
8101003551,70.bmp,0.3390909,w,12,l,r,r,m,25,3
8101003551,40.bmp,0.4668701,w,12,l,r,r,m,25,3
8101003551,80.bmp,0.3447181,w,7,l,r,r,m,25,3
8101003551,20.bmp,0.3984289,w,7,l,r,r,m,25,3
8101003551,0.bmp,0.3454459,w,6,l,r,r,m,25,3
8101003551,30.bmp,0.2656661,w,6,l,r,r,m,25,3
8101003551,80.bmp,0.2919252,w,6,l,r,r,m,25,3
8101003551,80.bmp,0.3229337,w,13,l,r,r,m,25,3
8101003551,40.bmp,0.558705,w,9,l,r,r,m,25,3
8101003551,10.bmp,0.7345947,w,5,l,r,r,m,25,3
8101003551,10.bmp,0.3259411,w,10,l,r,r,m,25,3
8101003551,60.bmp,0.3156551,w,6,l,r,r,m,25,3
8101003551,20.bmp,0.2890254,w,1,l,r,r,m,25,3
8101003551,10.bmp,0.2933291,w,1,l,r,r,m,25,3
8101003551,50.bmp,0.3663021,w,2,l,r,r,m,25,3
8101003551,0.bmp,0.4517,w,8,l,r,r,m,25,3
8101003551,10.bmp,0.4294778,w,2,l,r,r,m,25,3
8101003551,70.bmp,0.4700985,w,10,l,r,r,m,25,3
8101003551,50.bmp,1.3194595,w,6,l,r,r,m,25,3
8101003551,60.bmp,0.298999,w,13,l,r,r,m,25,3
8101003551,20.bmp,0.7666744,w,5,l,r,r,m,25,3
8101003551,30.bmp,0.5530854,w,4,l,r,r,m,25,3
8101003551,0.bmp,0.6849028,w,1,l,r,r,m,25,3
8101003551,10.bmp,0.4145425,w,11,l,r,r,m,25,3
8101003551,70.bmp,0.5365698,w,8,l,r,r,m,25,3
8101003551,60.bmp,0.1512157,w,3,l,r,r,m,25,3
8101003551,80.bmp,0.9883658,w,5,l,r,r,m,25,3
8101003551,50.bmp,0.4191291,w,12,l,r,r,m,25,3
8101003551,20.bmp,0.232383,w,2,l,r,r,m,25,3
8101003551,70.bmp,0.260347,w,4,l,r,r,m,25,3
8101003551,80.bmp,0.3475764,w,10,l,r,r,m,25,3
8101003551,30.bmp,0.7498804,w,11,l,r,r,m,25,3
8101003551,10.bmp,0.3511626,w,3,l,r,r,m,25,3
8101003551,50.bmp,0.6021236,w,5,l,r,r,m,25,3
8101003551,10.bmp,0.3724351,w,13,l,r,r,m,25,3
8101003551,40.bmp,0.4167771,w,7,l,r,r,m,25,3
8101003551,20.bmp,0.2567377,w,9,l,r,r,m,25,3
8101003551,0.bmp,0.3074106,w,5,l,r,r,m,25,3
8101003551,50.bmp,0.289583,w,7,l,r,r,m,25,3
8101003551,0.bmp,0.3713517,w,13,l,r,r,m,25,3
8101003551,40.bmp,0.6990195,w,5,l,r,r,m,25,3
8101003551,70.bmp,0.981469,w,3,l,r,r,m,25,3
8101003551,70.bmp,0.7465966,q,1,l,r,r,m,25,3
8101003551,10.bmp,0.4965479,w,9,l,r,r,m,25,3
8101003551,30.bmp,0.6228677,q,1,l,r,r,m,25,3
8101003551,60.bmp,0.6953785,q,11,l,r,r,m,25,3
8101003551,20.bmp,0.3895421,w,12,l,r,r,m,25,3
8101003551,70.bmp,0.6290083,w,3,l,r,r,m,25,3
8101003551,30.bmp,0.5206578,q,10,l,r,r,m,25,3
8101003551,80.bmp,0.173089,w,10,l,r,r,m,25,3
8101003551,50.bmp,1.3046301,w,6,l,r,r,m,25,3
8101003551,70.bmp,1.387585,w,12,l,r,r,m,25,3
8101003551,10.bmp,0.5145935,w,9,l,r,r,m,25,3
8101003551,20.bmp,0.3783294,w,8,l,r,r,m,25,3
8101003551,60.bmp,0.358226,w,8,l,r,r,m,25,3
8101003551,60.bmp,0.3066878,w,6,l,r,r,m,25,3
8101003551,30.bmp,0.4323562,w,4,l,r,r,m,25,3
8101003551,30.bmp,0.3809572,w,6,l,r,r,m,25,3
8101003551,40.bmp,0.4818057,w,1,l,r,r,m,25,3
8101003551,0.bmp,0.2495032,w,3,l,r,r,m,25,3
8101003551,50.bmp,0.2952449,w,9,l,r,r,m,25,3
8101003551,10.bmp,0.2773914,w,6,l,r,r,m,25,3
8101003551,10.bmp,0.4550701,w,7,l,r,r,m,25,3
8101003551,60.bmp,0.3787838,w,3,l,r,r,m,25,3
8101003551,50.bmp,0.4065102,w,13,l,r,r,m,25,3
8101003551,20.bmp,0.4397105,w,7,l,r,r,m,25,3
8101003551,20.bmp,0.3303513,w,1,l,r,r,m,25,3
8101003551,30.bmp,0.3256702,w,3,l,r,r,m,25,3
8101003551,40.bmp,0.8161005,w,10,l,r,r,m,25,3
8101003551,40.bmp,0.6011802,w,5,l,r,r,m,25,3
8101003551,70.bmp,0.3294631,w,10,l,r,r,m,25,3
8101003551,50.bmp,0.3389807,w,4,l,r,r,m,25,3
8101003551,30.bmp,0.3031655,w,7,l,r,r,m,25,3
8101003551,50.bmp,0.2820217,w,7,l,r,r,m,25,3
8101003551,10.bmp,0.4456855,w,8,l,r,r,m,25,3
8101003551,60.bmp,0.3264823,w,7,l,r,r,m,25,3
8101003551,40.bmp,0.3058781,w,13,l,r,r,m,25,3
8101003551,60.bmp,0.3024633,w,13,l,r,r,m,25,3
8101003551,80.bmp,0.415429,w,7,l,r,r,m,25,3
8101003551,10.bmp,0.4573816,w,4,l,r,r,m,25,3
8101003551,70.bmp,0.3763996,w,8,l,r,r,m,25,3
8101003551,30.bmp,0.4018264,w,12,l,r,r,m,25,3
8101003551,20.bmp,0.3291616,w,5,l,r,r,m,25,3
8101003551,60.bmp,0.3720777,w,2,l,r,r,m,25,3
8101003551,30.bmp,0.4066754,w,2,l,r,r,m,25,3
8101003551,20.bmp,0.4002135,w,2,l,r,r,m,25,3
8101003551,60.bmp,0.3548178,w,10,l,r,r,m,25,3
8101003551,30.bmp,0.3615262,w,9,l,r,r,m,25,3
8101003551,50.bmp,0.5071645,w,8,l,r,r,m,25,3
8101003551,0.bmp,1.0567857,w,13,l,r,r,m,25,3
8101003551,60.bmp,0.4734662,w,4,l,r,r,m,25,3
8101003551,20.bmp,0.4224735,w,13,l,r,r,m,25,3
8101003551,20.bmp,0.5164034,w,11,l,r,r,m,25,3
8101003551,80.bmp,0.5257582,w,1,l,r,r,m,25,3
8101003551,0.bmp,0.3380012,w,7,l,r,r,m,25,3
8101003551,70.bmp,0.3148578,w,4,l,r,r,m,25,3
8101003551,30.bmp,0.3666223,w,13,l,r,r,m,25,3
8101003551,40.bmp,0.3280077,w,9,l,r,r,m,25,3
8101003551,10.bmp,0.3975768,w,12,l,r,r,m,25,3
8101003551,0.bmp,0.3710139,w,2,l,r,r,m,25,3
8101003551,0.bmp,0.3443691,w,5,l,r,r,m,25,3
8101003551,0.bmp,0.3757228,w,4,l,r,r,m,25,3
8101003551,20.bmp,0.3310272,w,10,l,r,r,m,25,3
8101003551,10.bmp,0.3479397,w,3,l,r,r,m,25,3
8101003551,60.bmp,0.4072368,w,1,l,r,r,m,25,3
8101003551,30.bmp,0.3438812,w,11,l,r,r,m,25,3
8101003551,50.bmp,0.5337304,w,12,l,r,r,m,25,3
8101003551,40.bmp,0.366497,w,3,l,r,r,m,25,3
8101003551,80.bmp,0.3271877,w,13,l,r,r,m,25,3
8101003551,50.bmp,0.2995135,w,5,l,r,r,m,25,3
8101003551,80.bmp,0.334293,w,3,l,r,r,m,25,3
8101003551,40.bmp,0.3308454,w,2,l,r,r,m,25,3
8101003551,40.bmp,0.3278246,w,7,l,r,r,m,25,3
8101003551,80.bmp,0.2082157,w,5,l,r,r,m,25,3
8101003551,60.bmp,0.1994213,w,5,l,r,r,m,25,3
8101003551,30.bmp,0.2719536,w,5,l,r,r,m,25,3
8101003551,0.bmp,0.3192811,w,6,l,r,r,m,25,3
8101003551,20.bmp,0.3117188,w,3,l,r,r,m,25,3
8101003551,10.bmp,0.2853305,w,2,l,r,r,m,25,3
8101003551,70.bmp,0.3327913,w,6,l,r,r,m,25,3
8101003551,10.bmp,0.3305671,w,5,l,r,r,m,25,3
8101003551,70.bmp,0.246674,w,7,l,r,r,m,25,3
8101003551,60.bmp,1.3870693,w,9,l,r,r,m,25,3
8101003551,10.bmp,0.7792183,w,10,l,r,r,m,25,3
8101003551,70.bmp,0.4223277,w,5,l,r,r,m,25,3
8101003551,70.bmp,0.9474374,w,11,l,r,r,m,25,3
8101003551,10.bmp,0.4127459,w,11,l,r,r,m,25,3
8101003551,70.bmp,0.3422229,w,1,l,r,r,m,25,3
8101003551,80.bmp,4.2638954,w,8,l,r,r,m,25,3
8101003551,40.bmp,0.4574549,w,11,l,r,r,m,25,3
8101003551,80.bmp,0.3259793,w,4,l,r,r,m,25,3
8101003551,70.bmp,0.2676983,w,2,l,r,r,m,25,3
8101003551,20.bmp,0.2936446,w,9,l,r,r,m,25,3
8101003551,80.bmp,0.3156509,w,11,l,r,r,m,25,3
8101003551,10.bmp,0.3966852,w,13,l,r,r,m,25,3
8101003551,50.bmp,0.342044,w,2,l,r,r,m,25,3
8101003551,30.bmp,0.2955073,w,1,l,r,r,m,25,3
8101003551,40.bmp,0.1789105,w,4,l,r,r,m,25,3
8101003551,0.bmp,0.2629171,w,10,l,r,r,m,25,3
8101003551,60.bmp,0.1501974,w,12,l,r,r,m,25,3
8101003551,0.bmp,0.2282853,w,12,l,r,r,m,25,3
8101003551,50.bmp,0.15314,w,1,l,r,r,m,25,3
8101003551,0.bmp,0.2737373,w,1,l,r,r,m,25,3
8101003551,10.bmp,0.1275216,w,1,l,r,r,m,25,3
8101003551,70.bmp,0.2432771,w,9,l,r,r,m,25,3
8101003551,20.bmp,0.3059862,w,6,l,r,r,m,25,3
8101003551,0.bmp,0.1570917,w,11,l,r,r,m,25,3
8101003551,50.bmp,0.2089579,w,10,l,r,r,m,25,3
8101003551,30.bmp,0.2442322,w,8,l,r,r,m,25,3
8101003551,50.bmp,0.2841557,w,3,l,r,r,m,25,3
8101003551,40.bmp,0.3049231,w,8,l,r,r,m,25,3
8101003551,80.bmp,0.2398196,w,6,l,r,r,m,25,3
8101003551,40.bmp,1.8142698,w,12,l,r,r,m,25,3
8101003551,0.bmp,1.6060985,w,8,l,r,r,m,25,3
8101003551,70.bmp,0.2953096,w,13,l,r,r,m,25,3
8101003551,80.bmp,0.3127271,w,12,l,r,r,m,25,3
8101003551,50.bmp,0.2507471,w,11,l,r,r,m,25,3
8101003551,0.bmp,0.4168602,w,9,l,r,r,m,25,3
8101003551,80.bmp,0.9304765,w,9,l,r,r,m,25,3
8101003551,20.bmp,0.6208412,w,4,l,r,r,m,25,3
8101003551,40.bmp,0.4069247,w,6,l,r,r,m,25,3
8101003551,80.bmp,0.2813569,w,2,l,r,r,m,25,3
8101003551,30.bmp,0.0101456,p,1,r,r,r,m,25,3
8101003551,70.bmp,0.5428505,p,7,r,r,r,m,25,3
8101003551,40.bmp,0.3605368,p,5,r,r,r,m,25,3
8101003551,30.bmp,0.6116975,p,10,r,r,r,m,25,3
8101003551,30.bmp,0.2793218,p,7,r,r,r,m,25,3
8101003551,50.bmp,0.2912118,p,8,r,r,r,m,25,3
8101003551,10.bmp,0.3646062,p,11,r,r,r,m,25,3
8101003551,40.bmp,0.3840333,p,11,r,r,r,m,25,3
8101003551,20.bmp,0.4850325,p,12,r,r,r,m,25,3
8101003551,10.bmp,0.4169199,p,3,r,r,r,m,25,3
8101003551,30.bmp,0.6310709,p,3,r,r,r,m,25,3
8101003551,30.bmp,0.7011793,p,12,r,r,r,m,25,3
8101003551,10.bmp,0.2985849,p,10,r,r,r,m,25,3
8101003551,20.bmp,0.4997185,p,2,r,r,r,m,25,3
8101003551,50.bmp,0.3726181,p,13,r,r,r,m,25,3
8101003551,70.bmp,0.2593417,p,11,r,r,r,m,25,3
8101003551,0.bmp,0.2825717,p,5,r,r,r,m,25,3
8101003551,10.bmp,0.3020955,p,9,r,r,r,m,25,3
8101003551,0.bmp,0.2419672,p,6,r,r,r,m,25,3
8101003551,60.bmp,0.2169031,p,2,r,r,r,m,25,3
8101003551,20.bmp,0.2306195,p,9,r,r,r,m,25,3
8101003551,70.bmp,0.1839032,p,12,r,r,r,m,25,3
8101003551,20.bmp,0.2079925,p,10,r,r,r,m,25,3
8101003551,40.bmp,0.6788234,p,7,r,r,r,m,25,3
8101003551,80.bmp,0.4068184,p,6,r,r,r,m,25,3
8101003551,60.bmp,0.7242088,p,4,r,r,r,m,25,3
8101003551,20.bmp,0.2951601,p,5,r,r,r,m,25,3
8101003551,80.bmp,0.2290428,p,11,r,r,r,m,25,3
8101003551,50.bmp,0.8024411,p,2,r,r,r,m,25,3
8101003551,70.bmp,0.512484,p,4,r,r,r,m,25,3
8101003551,10.bmp,0.3688369,p,13,r,r,r,m,25,3
8101003551,40.bmp,0.3600749,p,6,r,r,r,m,25,3
8101003551,0.bmp,0.2673866,p,8,r,r,r,m,25,3
8101003551,50.bmp,0.3461687,p,7,r,r,r,m,25,3
8101003551,60.bmp,0.333481,p,5,r,r,r,m,25,3
8101003551,20.bmp,0.3312451,p,4,r,r,r,m,25,3
8101003551,60.bmp,0.5461296,p,3,r,r,r,m,25,3
8101003551,20.bmp,0.5533784,p,1,r,r,r,m,25,3
8101003551,30.bmp,0.3237414,p,13,r,r,r,m,25,3
8101003551,30.bmp,0.2782379,p,5,r,r,r,m,25,3
8101003551,50.bmp,0.3550369,p,10,r,r,r,m,25,3
8101003551,80.bmp,0.2663497,p,10,r,r,r,m,25,3
8101003551,40.bmp,0.3269112,p,12,r,r,r,m,25,3
8101003551,40.bmp,0.2438596,p,3,r,r,r,m,25,3
8101003551,60.bmp,0.266947,p,10,r,r,r,m,25,3
8101003551,80.bmp,0.1735402,p,5,r,r,r,m,25,3
8101003551,30.bmp,0.3278074,p,9,r,r,r,m,25,3
8101003551,40.bmp,0.3081889,p,10,r,r,r,m,25,3
8101003551,50.bmp,0.2757298,p,4,r,r,r,m,25,3
8101003551,30.bmp,0.2478772,p,2,r,r,r,m,25,3
8101003551,0.bmp,0.276378,p,13,r,r,r,m,25,3
8101003551,50.bmp,0.2921336,p,1,r,r,r,m,25,3
8101003551,80.bmp,0.2878863,p,1,r,r,r,m,25,3
8101003551,40.bmp,0.2435349,p,13,r,r,r,m,25,3
8101003551,80.bmp,0.2911214,p,7,r,r,r,m,25,3
8101003551,70.bmp,0.2495887,p,5,r,r,r,m,25,3
8101003551,80.bmp,0.3202898,p,8,r,r,r,m,25,3
8101003551,0.bmp,0.1758046,p,10,r,r,r,m,25,3
8101003551,70.bmp,0.2331941,p,9,r,r,r,m,25,3
8101003551,10.bmp,0.1574608,p,6,r,r,r,m,25,3
8101003551,20.bmp,0.1715684,p,8,r,r,r,m,25,3
8101003551,60.bmp,0.2450633,p,8,r,r,r,m,25,3
8101003551,60.bmp,0.206766,p,12,r,r,r,m,25,3
8101003551,0.bmp,0.4227216,p,11,r,r,r,m,25,3
8101003551,80.bmp,0.324404,p,13,r,r,r,m,25,3
8101003551,80.bmp,0.191443,p,2,r,r,r,m,25,3
8101003551,40.bmp,0.1470673,p,1,r,r,r,m,25,3
8101003551,20.bmp,0.1938516,p,13,r,r,r,m,25,3
8101003551,0.bmp,0.2542111,p,4,r,r,r,m,25,3
8101003551,40.bmp,1.0379394,p,4,r,r,r,m,25,3
8101003551,60.bmp,0.1122006,p,11,r,r,r,m,25,3
8101003551,0.bmp,0.2684065,p,1,r,r,r,m,25,3
8101003551,70.bmp,0.2194338,p,3,r,r,r,m,25,3
8101003551,10.bmp,0.3010948,p,8,r,r,r,m,25,3
8101003551,80.bmp,0.2762839,p,12,r,r,r,m,25,3
8101003551,70.bmp,0.2238554,p,1,r,r,r,m,25,3
8101003551,20.bmp,0.2589804,p,3,r,r,r,m,25,3
8101003551,40.bmp,0.2770247,p,2,r,r,r,m,25,3
8101003551,70.bmp,0.2907519,p,6,r,r,r,m,25,3
8101003551,80.bmp,0.2364007,p,3,r,r,r,m,25,3
8101003551,70.bmp,0.159849,p,8,r,r,r,m,25,3
8101003551,60.bmp,0.2222736,p,1,r,r,r,m,25,3
8101003551,50.bmp,0.2504959,p,6,r,r,r,m,25,3
8101003551,10.bmp,0.1977423,p,7,r,r,r,m,25,3
8101003551,30.bmp,0.0529111,p,11,r,r,r,m,25,3
8101003551,10.bmp,0.3299525,p,4,r,r,r,m,25,3
8101003551,40.bmp,0.2605077,p,9,r,r,r,m,25,3
8101003551,30.bmp,0.2505219,p,8,r,r,r,m,25,3
8101003551,10.bmp,0.2899487,p,12,r,r,r,m,25,3
8101003551,80.bmp,1.0997201,p,9,r,r,r,m,25,3
8101003551,60.bmp,0.3847392,p,7,r,r,r,m,25,3
8101003551,10.bmp,0.2686713,p,1,r,r,r,m,25,3
8101003551,60.bmp,0.4412122,p,6,r,r,r,m,25,3
8101003551,30.bmp,0.2890193,p,6,r,r,r,m,25,3
8101003551,40.bmp,0.3221137,p,8,r,r,r,m,25,3
8101003551,0.bmp,0.3240306,p,12,r,r,r,m,25,3
8101003551,20.bmp,0.3667949,p,6,r,r,r,m,25,3
8101003551,60.bmp,0.335285,p,13,r,r,r,m,25,3
8101003551,20.bmp,0.3372233,p,11,r,r,r,m,25,3
8101003551,0.bmp,0.3374214,p,9,r,r,r,m,25,3
8101003551,50.bmp,0.3364073,p,3,r,r,r,m,25,3
8101003551,0.bmp,0.286711,p,3,r,r,r,m,25,3
8101003551,50.bmp,0.2456592,p,5,r,r,r,m,25,3
8101003551,30.bmp,0.3009695,p,4,r,r,r,m,25,3
8101003551,10.bmp,0.4724998,p,5,r,r,r,m,25,3
8101003551,50.bmp,0.3436752,p,12,r,r,r,m,25,3
8101003551,70.bmp,0.4084463,p,13,r,r,r,m,25,3
8101003551,20.bmp,0.2767716,p,7,r,r,r,m,25,3
8101003551,0.bmp,0.3731268,p,2,r,r,r,m,25,3
8101003551,50.bmp,0.2653729,p,11,r,r,r,m,25,3
8101003551,60.bmp,0.2899272,p,9,r,r,r,m,25,3
8101003551,50.bmp,0.2339844,p,9,r,r,r,m,25,3
8101003551,70.bmp,0.2997153,p,2,r,r,r,m,25,3
8101003551,0.bmp,0.3579596,p,7,r,r,r,m,25,3
8101003551,70.bmp,0.3690596,p,10,r,r,r,m,25,3
8101003551,10.bmp,0.2876723,p,2,r,r,r,m,25,3
8101003551,80.bmp,0.1950955,p,4,r,r,r,m,25,3
8101003551,30.bmp,0.356863,p,11,r,r,r,m,25,3
8101003551,80.bmp,0.316421,p,12,r,r,r,m,25,3
8101003551,70.bmp,0.2375842,p,4,r,r,r,m,25,3
8101003551,0.bmp,0.3842747,p,4,r,r,r,m,25,3
8101003551,10.bmp,0.1743413,p,2,r,r,r,m,25,3
8101003551,40.bmp,0.2803588,p,13,r,r,r,m,25,3
8101003551,70.bmp,0.2225108,p,8,r,r,r,m,25,3
8101003551,50.bmp,0.2502106,p,13,r,r,r,m,25,3
8101003551,40.bmp,0.1618527,p,7,r,r,r,m,25,3
8101003551,0.bmp,0.1915651,p,8,r,r,r,m,25,3
8101003551,20.bmp,0.2841793,p,8,r,r,r,m,25,3
8101003551,30.bmp,0.1626741,p,8,r,r,r,m,25,3
8101003551,10.bmp,0.1357264,p,3,r,r,r,m,25,3
8101003551,10.bmp,0.3000357,p,13,r,r,r,m,25,3
8101003551,10.bmp,0.3125952,p,11,r,r,r,m,25,3
8101003551,40.bmp,0.190633,p,11,r,r,r,m,25,3
8101003551,30.bmp,0.2833815,p,2,r,r,r,m,25,3
8101003551,70.bmp,0.2534629,p,12,r,r,r,m,25,3
8101003551,20.bmp,0.2801723,p,7,r,r,r,m,25,3
8101003551,80.bmp,0.236929,p,11,r,r,r,m,25,3
8101003551,50.bmp,0.3098915,p,8,r,r,r,m,25,3
8101003551,0.bmp,0.2889888,p,2,r,r,r,m,25,3
8101003551,80.bmp,0.2278238,p,6,r,r,r,m,25,3
8101003551,60.bmp,0.249776,p,13,r,r,r,m,25,3
8101003551,10.bmp,0.1481028,p,12,r,r,r,m,25,3
8101003551,50.bmp,0.2692523,p,2,r,r,r,m,25,3
8101003551,40.bmp,0.1462436,p,1,r,r,r,m,25,3
8101003551,60.bmp,0.2689047,p,6,r,r,r,m,25,3
8101003551,0.bmp,0.2331867,p,5,r,r,r,m,25,3
8101003551,0.bmp,0.3053287,p,7,r,r,r,m,25,3
8101003551,80.bmp,0.2193469,p,7,r,r,r,m,25,3
8101003551,20.bmp,0.2978898,p,3,r,r,r,m,25,3
8101003551,60.bmp,0.2268126,p,7,r,r,r,m,25,3
8101003551,40.bmp,0.8345574,p,6,r,r,r,m,25,3
8101003551,20.bmp,0.3588931,p,4,r,r,r,m,25,3
8101003551,30.bmp,0.2822731,p,1,r,r,r,m,25,3
8101003551,20.bmp,0.209933,p,5,r,r,r,m,25,3
8101003551,70.bmp,0.2219493,p,9,r,r,r,m,25,3
8101003551,40.bmp,0.0616363,p,10,r,r,r,m,25,3
8101003551,20.bmp,0.3054819,p,12,r,r,r,m,25,3
8101003551,80.bmp,0.18316,p,9,r,r,r,m,25,3
8101003551,40.bmp,0.2811304,p,5,r,r,r,m,25,3
8101003551,60.bmp,0.151922,p,9,r,r,r,m,25,3
8101003551,70.bmp,0.2506823,p,6,r,r,r,m,25,3
8101003551,60.bmp,0.2951846,p,8,r,r,r,m,25,3
8101003551,30.bmp,1.4988147,p,5,r,r,r,m,25,3
8101003551,50.bmp,0.2927276,p,12,r,r,r,m,25,3
8101003551,0.bmp,0.2523371,p,9,r,r,r,m,25,3
8101003551,20.bmp,0.0890007,p,1,r,r,r,m,25,3
8101003551,10.bmp,0.3333049,p,9,r,r,r,m,25,3
8101003551,0.bmp,1.5509067,p,6,r,r,r,m,25,3
8101003551,10.bmp,0.2470913,p,4,r,r,r,m,25,3
8101003551,80.bmp,0.4835703,p,13,r,r,r,m,25,3
8101003551,20.bmp,0.2291053,p,9,r,r,r,m,25,3
8101003551,60.bmp,0.9697327,p,12,r,r,r,m,25,3
8101003551,10.bmp,0.4375139,p,8,r,r,r,m,25,3
8101003551,30.bmp,0.2825035,p,9,r,r,r,m,25,3
8101003551,70.bmp,0.3622987,p,7,r,r,r,m,25,3
8101003551,30.bmp,0.3262142,p,10,r,r,r,m,25,3
8101003551,10.bmp,0.3724626,p,7,r,r,r,m,25,3
8101003551,0.bmp,0.3171847,p,1,r,r,r,m,25,3
8101003551,40.bmp,1.4542313,p,2,r,r,r,m,25,3
8101003551,50.bmp,1.4760174,p,7,r,r,r,m,25,3
8101003551,60.bmp,1.1449872,p,3,r,r,r,m,25,3
8101003551,20.bmp,0.313002,p,2,r,r,r,m,25,3
8101003551,40.bmp,0.2645302,p,12,r,r,r,m,25,3
8101003551,20.bmp,1.0309987,p,13,r,r,r,m,25,3
8101003551,30.bmp,0.4056824,p,3,r,r,r,m,25,3
8101003551,0.bmp,0.2437549,p,10,r,r,r,m,25,3
8101003551,60.bmp,0.2627273,p,1,r,r,r,m,25,3
8101003551,50.bmp,0.1343583,p,5,r,r,r,m,25,3
8101003551,40.bmp,0.7398823,p,3,r,r,r,m,25,3
8101003551,60.bmp,0.7778562,p,2,r,r,r,m,25,3
8101003551,50.bmp,0.2641612,p,9,r,r,r,m,25,3
8101003551,10.bmp,0.1515041,p,1,r,r,r,m,25,3
8101003551,60.bmp,0.2268219,p,11,r,r,r,m,25,3
8101003551,50.bmp,0.0068947,p,3,r,r,r,m,25,3
8101003551,60.bmp,0.1685318,p,10,r,r,r,m,25,3
8101003551,10.bmp,0.1496833,p,10,r,r,r,m,25,3
8101003551,80.bmp,0.1980028,p,10,r,r,r,m,25,3
8101003551,70.bmp,0.2803321,p,11,r,r,r,m,25,3
8101003551,40.bmp,1.280663,p,9,r,r,r,m,25,3
8101003551,10.bmp,0.3601273,p,5,r,r,r,m,25,3
8101003551,30.bmp,0.1316021,p,4,r,r,r,m,25,3
8101003551,0.bmp,0.2107733,p,3,r,r,r,m,25,3
8101003551,80.bmp,0.2525878,p,5,r,r,r,m,25,3
8101003551,10.bmp,0.2847233,p,6,r,r,r,m,25,3
8101003551,70.bmp,0.3841019,p,13,r,r,r,m,25,3
8101003551,30.bmp,0.2608284,p,6,r,r,r,m,25,3
8101003551,50.bmp,0.4532757,p,11,r,r,r,m,25,3
8101003551,80.bmp,0.3548065,p,3,r,r,r,m,25,3
8101003551,50.bmp,0.4831356,p,10,r,r,r,m,25,3
8101003551,70.bmp,0.3641986,p,1,r,r,r,m,25,3
8101003551,40.bmp,0.3108636,p,8,r,r,r,m,25,3
8101003551,70.bmp,0.2415811,p,3,r,r,r,m,25,3
8101003551,80.bmp,0.2766651,p,4,r,r,r,m,25,3
8101003551,60.bmp,0.8078033,p,4,r,r,r,m,25,3
8101003551,80.bmp,0.3999124,p,8,r,r,r,m,25,3
8101003551,60.bmp,0.5214652,p,5,r,r,r,m,25,3
8101003551,20.bmp,0.7305173,p,10,r,r,r,m,25,3
8101003551,20.bmp,0.5788759,p,11,r,r,r,m,25,3
8101003551,50.bmp,0.4284526,p,4,r,r,r,m,25,3
8101003551,30.bmp,0.5146687,p,7,r,r,r,m,25,3
8101003551,0.bmp,0.5288779,p,11,r,r,r,m,25,3
8101003551,30.bmp,0.3131968,p,12,r,r,r,m,25,3
8101003551,70.bmp,0.3905325,p,5,r,r,r,m,25,3
8101003551,40.bmp,0.4641364,p,4,r,r,r,m,25,3
8101003551,80.bmp,0.3099918,p,2,r,r,r,m,25,3
8101003551,0.bmp,0.2997487,p,12,r,r,r,m,25,3
8101003551,70.bmp,0.7320894,p,2,r,r,r,m,25,3
8101003551,30.bmp,0.4096372,p,13,r,r,r,m,25,3
8101003551,70.bmp,0.5180622,p,10,r,r,r,m,25,3
8101003551,50.bmp,0.4045386,p,6,r,r,r,m,25,3
8101003551,50.bmp,0.3607248,p,1,r,r,r,m,25,3
8101003551,80.bmp,0.3281054,p,1,r,r,r,m,25,3
8101003551,0.bmp,0.3965781,p,13,r,r,r,m,25,3
8101003551,20.bmp,0.3587071,p,6,r,r,r,m,25,3
8101003551,80.bmp,0.0143309,w,2,l,r,r,m,25,3
8101003551,10.bmp,0.410167,w,13,l,r,r,m,25,3
8101003551,20.bmp,0.3882281,w,5,l,r,r,m,25,3
8101003551,50.bmp,0.4549363,w,9,l,r,r,m,25,3
8101003551,30.bmp,0.4244002,w,13,l,r,r,m,25,3
8101003551,80.bmp,0.8875486,w,11,l,r,r,m,25,3
8101003551,10.bmp,0.4538016,w,9,l,r,r,m,25,3
8101003551,30.bmp,0.440781,w,1,l,r,r,m,25,3
8101003551,40.bmp,0.3879175,w,7,l,r,r,m,25,3
8101003551,70.bmp,0.3410239,w,1,l,r,r,m,25,3
8101003551,30.bmp,0.372471,w,7,l,r,r,m,25,3
8101003551,60.bmp,0.5021928,w,5,l,r,r,m,25,3
8101003551,40.bmp,0.3147313,w,3,l,r,r,m,25,3
8101003551,80.bmp,0.2833558,w,6,l,r,r,m,25,3
8101003551,60.bmp,0.3169895,w,11,l,r,r,m,25,3
8101003551,70.bmp,0.317776,w,3,l,r,r,m,25,3
8101003551,40.bmp,0.2318518,w,1,l,r,r,m,25,3
8101003551,80.bmp,0.2859604,w,8,l,r,r,m,25,3
8101003551,20.bmp,0.3749193,w,4,l,r,r,m,25,3
8101003551,10.bmp,0.2344397,w,7,l,r,r,m,25,3
8101003551,60.bmp,0.2101547,w,12,l,r,r,m,25,3
8101003551,50.bmp,0.2278322,w,8,l,r,r,m,25,3
8101003551,50.bmp,0.2341867,w,3,l,r,r,m,25,3
8101003551,80.bmp,0.2611273,w,1,l,r,r,m,25,3
8101003551,60.bmp,0.2731163,w,6,l,r,r,m,25,3
8101003551,0.bmp,0.2490991,w,3,l,r,r,m,25,3
8101003551,50.bmp,0.3504401,w,4,l,r,r,m,25,3
8101003551,40.bmp,0.2991784,w,12,l,r,r,m,25,3
8101003551,20.bmp,0.517352,w,6,l,r,r,m,25,3
8101003551,10.bmp,0.2921236,w,4,l,r,r,m,25,3
8101003551,80.bmp,0.2664144,w,10,l,r,r,m,25,3
8101003551,80.bmp,0.2912066,w,4,l,r,r,m,25,3
8101003551,0.bmp,0.3114831,w,8,l,r,r,m,25,3
8101003551,20.bmp,0.3200285,w,11,l,r,r,m,25,3
8101003551,60.bmp,0.3441354,w,2,l,r,r,m,25,3
8101003551,30.bmp,0.2959882,w,2,l,r,r,m,25,3
8101003551,80.bmp,0.278275,w,5,l,r,r,m,25,3
8101003551,70.bmp,0.240511,w,12,l,r,r,m,25,3
8101003551,0.bmp,0.2110053,w,6,l,r,r,m,25,3
8101003551,0.bmp,0.2507217,w,1,l,r,r,m,25,3
8101003551,50.bmp,0.7972523,w,6,l,r,r,m,25,3
8101003551,10.bmp,0.1849204,w,3,l,r,r,m,25,3
8101003551,60.bmp,0.5322209,w,10,l,r,r,m,25,3
8101003551,40.bmp,0.3133265,w,11,l,r,r,m,25,3
8101003551,10.bmp,4.452074,w,11,l,r,r,m,25,3
8101003551,70.bmp,0.239035,w,11,l,r,r,m,25,3
8101003551,70.bmp,0.3087421,w,7,l,r,r,m,25,3
8101003551,30.bmp,5.1418764,w,9,l,r,r,m,25,3
8101003551,20.bmp,0.5286057,w,2,l,r,r,m,25,3
8101003551,30.bmp,0.5116549,w,10,l,r,r,m,25,3
8101003551,50.bmp,0.339367,w,5,l,r,r,m,25,3
8101003551,0.bmp,0.309413,w,5,l,r,r,m,25,3
8101003551,30.bmp,0.3744671,w,4,l,r,r,m,25,3
8101003551,20.bmp,0.2860083,w,12,l,r,r,m,25,3
8101003551,30.bmp,0.3365066,w,3,l,r,r,m,25,3
8101003551,70.bmp,0.3841421,w,2,l,r,r,m,25,3
8101003551,0.bmp,2.1259135,w,11,l,r,r,m,25,3
8101003551,30.bmp,0.3340095,w,8,l,r,r,m,25,3
8101003551,40.bmp,0.3530734,w,13,l,r,r,m,25,3
8101003551,70.bmp,0.2730942,w,6,l,r,r,m,25,3
8101003551,80.bmp,0.2821852,w,9,l,r,r,m,25,3
8101003551,40.bmp,0.2711881,w,6,l,r,r,m,25,3
8101003551,0.bmp,0.274863,w,7,l,r,r,m,25,3
8101003551,60.bmp,0.1912596,w,3,l,r,r,m,25,3
8101003551,50.bmp,0.2452598,w,7,l,r,r,m,25,3
8101003551,20.bmp,0.0811793,w,3,l,r,r,m,25,3
8101003551,20.bmp,0.1877008,w,7,l,r,r,m,25,3
8101003551,30.bmp,0.3665133,w,6,l,r,r,m,25,3
8101003551,40.bmp,0.5416642,w,9,l,r,r,m,25,3
8101003551,50.bmp,2.2316628,w,2,l,r,r,m,25,3
8101003551,10.bmp,0.2990403,w,1,l,r,r,m,25,3
8101003551,0.bmp,0.3284031,w,2,l,r,r,m,25,3
8101003551,30.bmp,0.0757613,w,5,l,r,r,m,25,3
8101003551,10.bmp,0.2950854,w,12,l,r,r,m,25,3
8101003551,70.bmp,0.7639035,w,10,l,r,r,m,25,3
8101003551,70.bmp,1.1797515,w,8,l,r,r,m,25,3
8101003551,40.bmp,0.4122884,w,10,l,r,r,m,25,3
8101003551,50.bmp,0.2971131,w,12,l,r,r,m,25,3
8101003551,10.bmp,2.1244806,w,8,l,r,r,m,25,3
8101003551,20.bmp,0.3245379,w,10,l,r,r,m,25,3
8101003551,30.bmp,1.8150719,w,12,l,r,r,m,25,3
8101003551,0.bmp,0.543464,w,12,l,r,r,m,25,3
8101003551,50.bmp,0.3116579,w,13,l,r,r,m,25,3
8101003551,80.bmp,0.556189,w,7,l,r,r,m,25,3
8101003551,50.bmp,0.1296017,w,10,l,r,r,m,25,3
8101003551,40.bmp,0.5162762,w,2,l,r,r,m,25,3
8101003551,80.bmp,0.4019875,w,13,l,r,r,m,25,3
8101003551,60.bmp,0.2888736,w,8,l,r,r,m,25,3
8101003551,20.bmp,0.3310524,w,13,l,r,r,m,25,3
8101003551,70.bmp,0.4914261,w,4,l,r,r,m,25,3
8101003551,60.bmp,0.5880812,w,1,l,r,r,m,25,3
8101003551,0.bmp,0.3201469,w,9,l,r,r,m,25,3
8101003551,40.bmp,0.3113535,w,4,l,r,r,m,25,3
8101003551,50.bmp,0.3709555,w,1,l,r,r,m,25,3
8101003551,20.bmp,0.2913083,w,1,l,r,r,m,25,3
8101003551,10.bmp,0.3669067,w,10,l,r,r,m,25,3
8101003551,40.bmp,0.4974607,w,5,l,r,r,m,25,3
8101003551,60.bmp,0.3156723,w,9,l,r,r,m,25,3
8101003551,20.bmp,0.3040646,w,9,l,r,r,m,25,3
8101003551,0.bmp,0.3314996,w,10,l,r,r,m,25,3
8101003551,10.bmp,0.386325,w,2,l,r,r,m,25,3
8101003551,60.bmp,0.8289142,w,13,l,r,r,m,25,3
8101003551,50.bmp,0.4772036,w,11,l,r,r,m,25,3
8101003551,10.bmp,0.3572926,w,6,l,r,r,m,25,3
8101003551,40.bmp,0.4242641,w,8,l,r,r,m,25,3
8101003551,80.bmp,0.3578011,w,12,l,r,r,m,25,3
8101003551,60.bmp,0.3996971,w,7,l,r,r,m,25,3
8101003551,70.bmp,0.0356539,w,5,l,r,r,m,25,3
8101003551,70.bmp,0.2690729,w,9,l,r,r,m,25,3
8101003551,0.bmp,0.189065,w,13,l,r,r,m,25,3
8101003551,70.bmp,0.2606735,w,13,l,r,r,m,25,3
8101003551,0.bmp,0.2342724,w,4,l,r,r,m,25,3
8101003551,30.bmp,0.184826,w,11,l,r,r,m,25,3
8101003551,10.bmp,0.3871266,w,5,l,r,r,m,25,3
8101003551,60.bmp,0.7032403,w,4,l,r,r,m,25,3
8101003551,20.bmp,0.315634,w,8,l,r,r,m,25,3
8101003551,80.bmp,0.2415094,w,3,l,r,r,m,25,3
8101003551,70.bmp,0.3184268,w,11,l,r,r,m,25,3
8101003551,20.bmp,1.3922557,w,10,l,r,r,m,25,3
8101003551,30.bmp,0.3990373,w,5,l,r,r,m,25,3
8101003551,30.bmp,0.305004,w,11,l,r,r,m,25,3
8101003551,40.bmp,2.7848811,w,10,l,r,r,m,25,3
8101003551,80.bmp,0.4078098,w,5,l,r,r,m,25,3
8101003551,0.bmp,0.854433,w,13,l,r,r,m,25,3
8101003551,10.bmp,0.4409774,w,7,l,r,r,m,25,3
8101003551,10.bmp,0.3918749,w,13,l,r,r,m,25,3
8101003551,50.bmp,0.4124914,w,2,l,r,r,m,25,3
8101003551,30.bmp,0.5221895,w,9,l,r,r,m,25,3
8101003551,70.bmp,0.3682077,w,4,l,r,r,m,25,3
8101003551,50.bmp,0.5653781,w,11,l,r,r,m,25,3
8101003551,40.bmp,0.3145969,w,12,l,r,r,m,25,3
8101003551,20.bmp,0.4705951,w,5,l,r,r,m,25,3
8101003551,50.bmp,0.4457893,w,7,l,r,r,m,25,3
8101003551,50.bmp,1.4591864,w,5,l,r,r,m,25,3
8101003551,10.bmp,0.7543227,w,4,l,r,r,m,25,3
8101003551,60.bmp,0.4969291,w,5,l,r,r,m,25,3
8101003551,60.bmp,0.359711,w,2,l,r,r,m,25,3
8101003551,0.bmp,0.3070648,w,6,l,r,r,m,25,3
8101003551,50.bmp,0.3485182,w,13,l,r,r,m,25,3
8101003551,50.bmp,0.4332099,w,1,l,r,r,m,25,3
8101003551,80.bmp,0.4086415,w,2,l,r,r,m,25,3
8101003551,30.bmp,1.8727681,w,3,l,r,r,m,25,3
8101003551,70.bmp,0.6287566,w,8,l,r,r,m,25,3
8101003551,20.bmp,0.882487,w,9,l,r,r,m,25,3
8101003551,30.bmp,0.3096359,w,12,l,r,r,m,25,3
8101003551,60.bmp,0.2998406,w,13,l,r,r,m,25,3
8101003551,70.bmp,0.2670689,w,10,l,r,r,m,25,3
8101003551,10.bmp,0.3165486,w,9,l,r,r,m,25,3
8101003551,80.bmp,0.3410428,w,7,l,r,r,m,25,3
8101003551,10.bmp,0.3527595,w,5,l,r,r,m,25,3
8101003551,40.bmp,0.9943841,w,11,l,r,r,m,25,3
8101003551,20.bmp,0.537649,w,11,l,r,r,m,25,3
8101003551,40.bmp,0.4732946,w,5,l,r,r,m,25,3
8101003551,40.bmp,0.2778123,w,8,l,r,r,m,25,3
8101003551,0.bmp,0.3302759,w,4,l,r,r,m,25,3
8101003551,0.bmp,0.3794168,w,1,l,r,r,m,25,3
8101003551,80.bmp,0.3353875,w,8,l,r,r,m,25,3
8101003551,40.bmp,0.3765908,w,1,l,r,r,m,25,3
8101003551,20.bmp,0.2620649,w,6,l,r,r,m,25,3
8101003551,70.bmp,0.23941,w,12,l,r,r,m,25,3
8101003551,70.bmp,0.2610003,w,6,l,r,r,m,25,3
8101003551,80.bmp,0.280507,w,6,l,r,r,m,25,3
8101003551,0.bmp,0.3265614,w,7,l,r,r,m,25,3
8101003551,20.bmp,0.304135,w,13,l,r,r,m,25,3
8101003551,70.bmp,0.2819031,w,7,l,r,r,m,25,3
8101003551,30.bmp,0.4744859,w,6,l,r,r,m,25,3
8101003551,10.bmp,0.2866049,w,8,l,r,r,m,25,3
8101003551,30.bmp,0.292296,w,1,l,r,r,m,25,3
8101003551,70.bmp,0.2382462,w,5,l,r,r,m,25,3
8101003551,20.bmp,0.2554844,w,12,l,r,r,m,25,3
8101003551,30.bmp,0.2032477,w,13,l,r,r,m,25,3
8101003551,10.bmp,0.3942634,w,1,l,r,r,m,25,3
8101003551,50.bmp,0.1762232,w,4,l,r,r,m,25,3
8101003551,80.bmp,0.3667145,w,10,l,r,r,m,25,3
8101003551,80.bmp,0.3885485,w,13,l,r,r,m,25,3
8101003551,60.bmp,2.1390457,w,12,l,r,r,m,25,3
8101003551,20.bmp,0.3895106,w,4,l,r,r,m,25,3
8101003551,20.bmp,0.3003542,w,3,l,r,r,m,25,3
8101003551,40.bmp,0.3892467,w,6,l,r,r,m,25,3
8101003551,20.bmp,0.3097241,w,1,l,r,r,m,25,3
8101003551,10.bmp,0.284739,w,12,l,r,r,m,25,3
8101003551,30.bmp,0.3858274,w,10,l,r,r,m,25,3
8101003551,60.bmp,0.2906814,w,1,l,r,r,m,25,3
8101003551,80.bmp,0.3091417,w,3,l,r,r,m,25,3
8101003551,0.bmp,0.390924,w,5,l,r,r,m,25,3
8101003551,10.bmp,0.2431524,w,11,l,r,r,m,25,3
8101003551,0.bmp,0.2730115,w,9,l,r,r,m,25,3
8101003551,20.bmp,0.1445116,w,2,l,r,r,m,25,3
8101003551,20.bmp,0.2541662,w,8,l,r,r,m,25,3
8101003551,60.bmp,0.2371557,w,3,l,r,r,m,25,3
8101003551,10.bmp,0.5555682,w,10,l,r,r,m,25,3
8101003551,30.bmp,0.2640165,w,4,l,r,r,m,25,3
8101003551,10.bmp,0.3614216,w,6,l,r,r,m,25,3
8101003551,70.bmp,0.303911,w,3,l,r,r,m,25,3
8101003551,10.bmp,0.2890369,w,3,l,r,r,m,25,3
8101003551,0.bmp,0.2234474,w,2,l,r,r,m,25,3
8101003551,60.bmp,0.6282114,w,8,l,r,r,m,25,3
8101003551,50.bmp,0.4543356,w,3,l,r,r,m,25,3
8101003551,40.bmp,0.3972264,w,7,l,r,r,m,25,3
8101003551,80.bmp,0.4640279,w,11,l,r,r,m,25,3
8101003551,50.bmp,0.3424771,w,6,l,r,r,m,25,3
8101003551,0.bmp,0.3558138,w,10,l,r,r,m,25,3
8101003551,80.bmp,0.3116885,w,9,l,r,r,m,25,3
8101003551,60.bmp,1.6490692,w,9,l,r,r,m,25,3
8101003551,0.bmp,1.1306362,w,11,l,r,r,m,25,3
8101003551,60.bmp,0.2408389,w,7,l,r,r,m,25,3
8101003551,60.bmp,0.2832024,w,10,l,r,r,m,25,3
8101003551,50.bmp,0.2797801,w,12,l,r,r,m,25,3
8101003551,0.bmp,0.2512185,w,8,l,r,r,m,25,3
8101003551,80.bmp,0.2585377,w,4,l,r,r,m,25,3
8101003551,70.bmp,0.3222279,w,9,l,r,r,m,25,3
8101003551,40.bmp,0.3166902,w,3,l,r,r,m,25,3
8101003551,50.bmp,0.3394194,w,10,l,r,r,m,25,3
8101003551,40.bmp,0.2823113,w,9,l,r,r,m,25,3
8101003551,60.bmp,0.2483583,w,4,l,r,r,m,25,3
8101003551,30.bmp,0.3127068,w,7,l,r,r,m,25,3
8101003551,50.bmp,0.1998098,w,8,l,r,r,m,25,3
8101003551,60.bmp,0.2463042,w,11,l,r,r,m,25,3
8101003551,30.bmp,0.3768866,w,8,l,r,r,m,25,3
8101003551,40.bmp,0.1278591,w,13,l,r,r,m,25,3
8101003551,70.bmp,0.323575,w,13,l,r,r,m,25,3
8101003551,80.bmp,0.4332367,w,12,l,r,r,m,25,3
8101003551,70.bmp,0.43079,w,2,l,r,r,m,25,3
8101003551,80.bmp,0.9171042,w,1,l,r,r,m,25,3
8101003551,70.bmp,0.4110559,w,1,l,r,r,m,25,3
8101003551,20.bmp,0.3497987,w,7,l,r,r,m,25,3
8101003551,40.bmp,0.3315533,w,2,l,r,r,m,25,3
8101003551,0.bmp,0.3087655,w,12,l,r,r,m,25,3
8101003551,60.bmp,0.318664,w,6,l,r,r,m,25,3
8101003551,50.bmp,0.3314616,w,9,l,r,r,m,25,3
8101003551,40.bmp,0.2337217,w,4,l,r,r,m,25,3
8101003551,30.bmp,0.2665864,w,2,l,r,r,m,25,3
8101003551,0.bmp,0.2248134,w,3,l,r,r,m,25,3
8101003551,10.bmp,0.3133225,w,2,l,r,r,m,25,3
